region,site_id,Station,SamplingDate,SamplingMonth,ProbeDepth,SamplingYear,Time,Latitude,Longitude,Sensor Present,DissolvedOxygen,%DO,SpecificConductivity,Salinity,Temperature,FieldInstrument,HydrologySample?,TurbiditySample?,Turbidity_rep1,Turbidity_rep2,Turbidity_rep3,Turbidity_rep4,Turbidity_mean,TurbidityInstrument,Notes
jn,jncci,near,4/2/21,April,1,2021,11:45:00 AM,58.68468333,-134.9468833,y,10.49,,27846,29.8,3.4,YSI 2030,n,n,,,,,,,
jn,jncci,near,4/30/21,May,1,2021,11:45:00 AM,58.68468333,-134.9468833,y,13.21,,29927,31.1,4.8,YSI 2030,n,n,,,,,,,
jn,jncci,near,4/30/21,May,5,2021,11:30:00 AM,58.68468333,-134.9468833,y,12.84,,29929,31.1,4.9,YSI 2030,n,n,,,,,,,
jn,jncci,near,5/25/21,June,1,2021,10:01:00 AM,58.68468333,-134.9468833,y,13.35,,29910,27.5,9,YSI 2030,n,y,1.13,0.97,1.86,,1.32,,
jn,jncci,near,5/25/21,June,5,2021,9:36:00 AM,58.68468333,-134.9468833,y,13.16,,29854,27.4,9.1,YSI 2030,n,n,,,,,,,
jn,jncci,near,6/26/21,July,1,2021,10:45:00 AM,58.68468333,-134.9468833,y,10.3,,15052,11.9,12.6,YSI 2030,n,y,6.7,6.36,7.03,,6.696666667,,
jn,jncci,near,6/26/21,July,5,2021,10:30:00 AM,58.68468333,-134.9468833,y,10.89,,12512.5,9.4,13.2,YSI 2030,n,n,,,,,,,
jn,jncci,near,7/28/21,August,1,2021,,58.68468333,-134.9468833,y,11.18,,12558,9.2,14.3,YSI 2030,n,y,3.97,4.03,3.29,,3.763333333,,
jn,jncci,near,8/25/21,September,1,2021,10:00:00 AM,58.68468333,-134.9468833,y,9.99,,15410,12,12.8,YSI 2030,n,n,,,,,,,
jn,jncci,near,8/25/21,September,5,2021,9:45:00 AM,58.68468333,-134.9468833,y,10.3,,16441,12.9,12.9,YSI 2030,n,n,,,,,,,
jn,jncci,100m,10/5/21,October,1,2021,3:30:00 PM,58.684812,-134.940885,n,10.24,,28419,26.1,8.8,YSI 2030,n,y,0.78,0.98,0.77,,0.843333333,,
jn,jncci,100m,10/5/21,October,5,2021,3:30:00 PM,58.684812,-134.940885,n,9.01,,29636,27.4,8.9,YSI 2030,n,n,,,,,,,
jn,jncci,50m,10/5/21,October,1,2021,3:30:00 PM,58 41.087,-134 56.363,n,8.42,,29201,26.9,8.8,YSI 2030,n,y,0.83,0.92,0.87,,0.873333333,,
jn,jncci,50m,10/5/21,October,5,2021,3:30:00 PM,58 41.087,-134 56.363,n,8.42,,299951,27.7,8.8,YSI 2030,n,n,,,,,,,
jn,jncci,near,10/5/21,October,0.5,2021,3:30:00 PM,58 41.051,-134 56.331,y,8.79,,29788,27.5,8.9,YSI 2030,n,y,1.09,0.7,0.6,0.73,0.78,,
jn,jncci,100m,4/22/22,April,1,2022,,58.685183,-134.939567,n,11.06,,30360,31,5.4,YSI 2030,n,y,1.45,1.28,0.96,,1.23,Hach 2100Q Turbidimeter,
jn,jncci,100m,4/22/22,April,5,2022,,58.685183,-134.939567,n,11.37,,30225,31.2,4.9,YSI 2030,n,n,,,,,,,
jn,jncci,50m,4/22/22,April,1,2022,,58.68465,-134.939367,n,11.3,,30163,31,5.4,YSI 2030,n,y,1.1,1.15,1.39,,1.213333333,Hach 2100Q Turbidimeter,
jn,jncci,50m,4/22/22,April,5,2022,,58.68465,-134.939367,n,,,,,,YSI 2030,n,n,,,,,,,
jn,jncci,near,4/22/22,April,1,2022,,58.6842,-134.938883,y,11.59,,30460,31.2,5.4,YSI 2030,n,y,1.24,1.25,1.31,,1.266666667,Hach 2100Q Turbidimeter,
jn,jncci,100m,5/20/22,May,1,2022,12:38:00 PM,58.685817,-134.9397,n,13.65,,31520,29.8,8.2,YSI 2030,n,y,1.43,1.42,1.58,,1.476666667,Hach 2100Q Turbidimeter,
jn,jncci,100m,5/20/22,May,5,2022,12:39:00 PM,58.685833,-134.939583,n,14.08,,31538,29.9,8.1,YSI 2030,n,n,,,,,,,
jn,jncci,50m,5/20/22,May,1,2022,12:35:00 PM,58.685083,-134.93945,n,15.54,,31480,29.8,8.2,YSI 2030,n,y,1.53,1.44,1.46,,1.476666667,Hach 2100Q Turbidimeter,
jn,jncci,50m,5/20/22,May,5,2022,12:36:00 PM,58.6851,-134.939433,n,14.23,,31502,29.9,8.1,YSI 2030,n,n,,,,,,,
jn,jncci,near,5/20/22,May,1,2022,12:00:00 PM,58.684217,-132.9389,y,14.27,,31591,29.2,9.2,YSI 2030,n,y,1.42,1.75,1.66,,1.61,Hach 2100Q Turbidimeter,
jn,jncci,100m,6/16/22,June,1,2022,11:08:00 AM,58.685233,-134.938233,n,10.07,,28333,24.5,11.1,YSI 2030,n,y,3.68,4.2,3.1,,3.66,Hach 2100Q Turbidimeter,
jn,jncci,100m,6/16/22,June,5,2022,11:09:00 AM,58.685233,-134.938233,n,10.36,,27789,18.8,11,YSI 2030,n,n,,,,,,,
jn,jncci,50m,6/16/22,June,1,2022,11:04:00 AM,58.684717,-134.9385,n,10.41,,28603,24.7,11.1,YSI 2030,n,y,3.15,4.06,5.23,,4.146666667,Hach 2100Q Turbidimeter,
jn,jncci,50m,6/16/22,June,5,2022,11:05:00 AM,58.684717,-134.9385,n,10.61,,22258,18.6,11.1,YSI 2030,n,n,,,,,,,
jn,jncci,near,6/16/22,June,0.25,2022,10:25:00 AM,58.6842,-134.9389,y,9.95,,23590,19.2,12.5,YSI 2030,n,y,17.7,4.04,21.7,,14.48,Hach 2100Q Turbidimeter,
jn,jncci,100m,7/19/22,July,1,2022,11:56:00 AM,58.68565,-134.939067,n,9.4,,20133,16.3,12.4,YSI 2030,n,y,12.1,7.95,8.49,,9.513333333,Hach 2100Q Turbidimeter,
jn,jncci,100m,7/19/22,July,2.6,2022,12:00:00 AM,58.68565,-134.939067,n,9.7,,21430,17.3,12.6,YSI 2030,n,n,,,,,,,
jn,jncci,50m,7/19/22,July,1,2022,11:51:00 AM,58.68505,-134.939267,n,9.76,,20030,16.1,12.4,YSI 2030,n,y,7.32,7.19,6.36,,6.956666667,Hach 2100Q Turbidimeter,
jn,jncci,50m,7/19/22,July,2.6,2022,11:52:00 AM,58.68505,-134.939267,n,9.85,,21601,17.3,12.8,YSI 2030,n,n,,,,,,,
jn,jncci,near,7/19/22,July,2,2022,11:40:00 AM,58.684233,-134.938967,y,10.13,,25890,16.7,13,YSI 2030,n,y,7.89,6.78,6.31,,6.993333333,Hach 2100Q Turbidimeter,
jn,jncci,100m,8/12/22,August,1,2022,9:41:00 AM,58.685783,-134.94075,n,9.9,,13269,10.3,12.2,YSI 2030,n,y,7.7,8.43,6.34,,7.49,Hach 2100Q Turbidimeter,
jn,jncci,100m,8/12/22,August,2.5,2022,9:42:00 AM,58.685783,-134.94075,n,9.71,,16930,13.3,12.5,YSI 2030,n,n,,,,,,,
jn,jncci,50m,8/12/22,August,1,2022,9:37:00 AM,58.684883,-134.9398,n,10.8,,15340,12.1,12.2,YSI 2030,n,y,9.21,13.9,10.9,,11.33666667,Hach 2100Q Turbidimeter,
jn,jncci,50m,8/12/22,August,1.5,2022,9:38:00 AM,58.684883,-134.9398,n,10.17,,15566,12.3,12.2,YSI 2030,n,n,,,,,,,
jn,jncci,near,8/12/22,August,0.5,2022,9:20:00 AM,58.6843,-134.9388,y,10.16,,12420,9.7,12.3,YSI 2030,n,y,13.8,16,12.9,,14.23333333,Hach 2100Q Turbidimeter,
jn,jncci,100m,9/13/22,September,1,2022,10:30:00 AM,58.685583,-134.93745,n,9.9,,19155,15.7,11.3,YSI 2030,n,y,5.23,8.24,5.53,,6.333333333,Hach 2100Q Turbidimeter,
jn,jncci,100m,9/13/22,September,5,2022,10:35:00 AM,58.685583,-134.93745,n,12.2,,19552,16,11.3,YSI 2030,n,n,,,,,,,
jn,jncci,50m,9/13/22,September,1,2022,10:18:00 AM,58.684967,-134.937433,n,9.77,,20560,17.1,11.5,YSI 2030,n,y,5.37,5.46,6.07,,5.633333333,Hach 2100Q Turbidimeter,
jn,jncci,50m,9/13/22,September,5,2022,10:23:00 AM,58.684967,-134.937433,n,9.7,,20610,18.2,11.5,YSI 2030,n,n,,,,,,,
jn,jncci,near,9/13/22,September,1.5,2022,10:10:00 AM,58.684283,-134.938783,y,9.82,,20933,17.4,11.6,YSI 2030,n,y,7.62,8.04,6.78,,7.48,Hach 2100Q Turbidimeter,
jn,jneri,near,3/30/21,April,1,2021,10:30:00 AM,58.53661667,-134.8506333,y,11.1,,29092,31.3,3.6,YSI 2030,n,y,0.93,0.68,0.55,,0.72,Hach 2100P Turbidimeter,
jn,jneri,near,5/1/21,May,1,2021,11:30:00 AM,58.53661667,-134.8506333,y,14.05,,29807,29.8,6.1,YSI 2030,n,y,2.26,2.01,1.94,,2.07,Hach 2100P Turbidimeter,
jn,jneri,near,5/1/21,May,5,2021,11:15:00 AM,58.53661667,-134.8506333,y,13.76,,29861,29.7,6.2,YSI 2030,n,n,,,,,,,
jn,jneri,near,5/26/21,June,1,2021,9:15:00 AM,58.53661667,-134.8506333,y,13.45,,28533,25.9,9.4,YSI 2030,n,y,3.1,2.59,2.52,,2.736666667,Hach 2100P Turbidimeter,
jn,jneri,near,5/26/21,June,5,2021,8:45:00 AM,58.53661667,-134.8506333,y,12.62,,28378,25.7,9.4,YSI 2030,n,n,,,,,,,
jn,jneri,near,6/27/21,July,1,2021,11:00:00 AM,58.53661667,-134.8506333,y,12.51,,20735,17.1,11.7,YSI 2030,n,n,,,,,,,
jn,jneri,near,6/27/21,July,5,2021,10:47:00 AM,58.53661667,-134.8506333,y,12.36,,20550,16.9,11.6,YSI 2030,n,n,,,,,,,
jn,jneri,near,7/25/21,August,1,2021,9:25:00 AM,58.53661667,-134.8506333,y,11.54,,20340,16.4,12.4,YSI 2030,n,y,1.77,1.66,1.96,,1.796666667,Hach 2100P Turbidimeter,
jn,jneri,near,8/21/21,September,1,2021,10:00:00 AM,58.53661667,-134.8506333,y,11.3,,20508,16.7,12.1,YSI 2030,n,y,3.62,3.55,3.68,,3.616666667,Hach 2100P Turbidimeter,
jn,jneri,near,8/21/21,September,5,2021,9:30:00 AM,58.53661667,-134.8506333,y,10.09,,19912,16.3,11.9,YSI 2030,n,n,,,,,,,
jn,jneri,100m,10/5/21,October,1,2021,11:15:00 AM,58 32.298,-134 51.170,n,8.5,,28783,27.1,8.1,YSI 2030,n,y,1.42,0.86,1.5,1.15,1.2325,Hach 2100P Turbidimeter,
jn,jneri,100m,10/5/21,October,5,2021,11:15:00 AM,58 32.298,-134 51.170,n,8.39,,28994,27.3,8.1,YSI 2030,n,n,,,,,,,
jn,jneri,50m,10/5/21,October,5,2021,11:15:00 AM,58 32.255,-134 51.069,n,8.68,,28756,27,8.1,YSI 2030,n,y,1.01,1.59,0.81,0.59,1,Hach 2100P Turbidimeter,
jn,jneri,50m,10/5/21,October,5,2021,11:15:00 AM,58 32.255,-134 51.069,n,8.84,,28999,27.3,8.1,YSI 2030,n,n,,,,,,,
jn,jneri,near,10/5/21,October,1,2021,11:15:00 AM,58 32.246,-134 51.005,y,8.32,,28976,27.3,8.1,YSI 2030,n,y,0.87,0.94,0.83,,0.88,Hach 2100P Turbidimeter,
jn,jneri,100m,4/21/22,April,1,2022,11:42:00 AM,58 32.298,-134 51.170,n,8.85,,29828,31.5,4.3,YSI 2030,n,y,0.82,0.99,0.61,,0.806666667,Hach 2100Q Turbidimeter,
jn,jneri,100m,4/21/22,April,5,2022,11:43:00 AM,58 32.298,-134 51.170,n,8.77,,29795,31.6,4.2,YSI 2030,n,n,,,,,,,
jn,jneri,50m,4/21/22,April,1,2022,11:38:00 AM,58 32.255,-134 51.069,n,9.85,,29920,31.6,4.3,YSI 2030,n,y,0.93,0.67,0.41,,0.67,Hach 2100Q Turbidimeter,
jn,jneri,50m,4/21/22,April,5,2022,11:39:00 AM,58 32.255,-134 51.069,n,9.01,,29808,31.6,4.2,YSI 2030,n,n,,,,,,,
jn,jneri,near,4/21/22,April,1,2022,11:19:00 AM,58.53661667,-134.8506333,y,8.54,,29852,31.6,4.2,YSI 2030,n,y,2.23,1.18,1.32,,1.576666667,Hach 2100Q Turbidimeter,
jn,jneri,100m,5/17/22,May,1,2022,,58.53735,-134.853267,n,13.4,,30358,29.1,7.6,YSI 2030,n,y,0.84,1.42,0.91,0.98,1.0375,Hach 2100Q Turbidimeter,
jn,jneri,100m,5/17/22,May,5,2022,,58.53735,-134.853267,n,13.3,,30326,29.2,7.5,YSI 2030,n,n,,,,,,,
jn,jneri,50m,5/17/22,May,1,2022,,58.537333,-134.850683,n,14.63,,30337,28.9,7.9,YSI 2030,n,y,0.68,0.72,0.87,,0.756666667,Hach 2100Q Turbidimeter,
jn,jneri,50m,5/17/22,May,5,2022,,58.537333,-134.850683,n,14.38,,30304,25.3,7.6,YSI 2030,n,n,,,,,,,
jn,jneri,near,5/17/22,May,1,2022,11:06:00 AM,58.537517,-134.8501,y,13.44,,30326,29,7.8,YSI 2030,n,y,0.69,0.74,0.82,,0.75,Hach 2100Q Turbidimeter,
jn,jneri,100m,6/14/22,June,1,2022,8:58:00 AM,58.537967,-134.852333,n,10.15,,23398,20.6,10,YSI 2030,n,y,3.01,4.87,3.97,,3.95,Hach 2100Q Turbidimeter,
jn,jneri,100m,6/14/22,June,5,2022,8:59:00 AM,58.537967,-134.852333,n,10.29,,24772,21.8,10,YSI 2030,n,n,,,,,,,
jn,jneri,50m,6/14/22,June,1,2022,8:51:00 AM,58.537767,-134.8513,n,10.37,,24199,21.2,10,YSI 2030,n,y,3.98,3.04,3.54,,3.52,Hach 2100Q Turbidimeter,
jn,jneri,50m,6/14/22,June,5,2022,8:57:00 AM,58.537767,-134.8513,n,10.24,,24662,21.6,10,YSI 2030,n,n,,,,,,,
jn,jneri,near,6/14/22,June,0.25,2022,8:25:00 AM,58.537467,-134.84985,y,9.52,,23640,20.4,10.6,YSI 2030,n,y,21.2,29.2,32.9,,27.76666667,Hach 2100Q Turbidimeter,
jn,jneri,100m,7/15/22,July,1,2022,8:45:00 AM,58.537767,-134.85175,n,9.65,,21568,17.2,13.3,YSI 2030,n,y,4.85,5.72,6.4,,5.656666667,Hach 2100Q Turbidimeter,
jn,jneri,100m,7/15/22,July,5,2022,8:45:00 AM,58.537767,-134.85175,n,9.9,,23359,10.7,13.3,YSI 2030,n,n,,,,,,,
jn,jneri,50m,7/15/22,July,1,2022,8:40:00 AM,58.5376,-134.851367,n,9.74,,21373,17.3,13.2,YSI 2030,n,y,4.31,2.4,4.15,,3.62,Hach 2100Q Turbidimeter,
jn,jneri,50m,7/15/22,July,5,2022,8:40:00 AM,58.5376,-134.851367,n,,,,,,YSI 2030,n,n,,,,,,,
jn,jneri,near,7/15/22,July,0.25,2022,8:35:00 AM,58.537467,-134.84985,y,9.52,,20378,16.2,13,YSI 2030,n,y,4.3,9.59,6.19,,6.693333333,Hach 2100Q Turbidimeter,
jn,jneri,100m,8/13/22,August,1,2022,9:42:00 AM,58.5378,-134.85215,n,10.2,,16969,13.5,12.4,YSI 2030,n,y,4.38,3.89,4.79,,4.353333333,Hach 2100Q Turbidimeter,
jn,jneri,100m,8/13/22,August,5,2022,9:44:00 AM,58.5378,-134.85215,n,9.99,,21438,17.4,12.2,YSI 2030,n,n,,,,,,,
jn,jneri,50m,8/13/22,August,1,2022,9:39:00 AM,58.5378,-134.851017,n,10.76,,16846,13.6,11.6,YSI 2030,n,y,7.67,7,8.27,,7.646666667,Hach 2100Q Turbidimeter,
jn,jneri,50m,8/13/22,August,2,2022,9:40:00 AM,58.5378,-134.851017,n,10.41,,17662,14.3,11.8,YSI 2030,n,n,,,,,,,
jn,jneri,near,8/13/22,August,0.25,2022,10:05:00 AM,58.537467,-134.866517,y,10.9,,16673,13.3,12.1,YSI 2030,n,y,10.7,10.7,10.4,,10.6,Hach 2100Q Turbidimeter,
jn,jneri,100m,9/11/22,September,1,2022,10:14:00 AM,58.53795,-134.852783,n,10.32,,22693,19.2,11.2,YSI 2030,n,y,4.75,3.17,4.82,,4.246666667,Hach 2100Q Turbidimeter,
jn,jneri,100m,9/11/22,September,5,2022,10:14:00 AM,58.53795,-134.852783,n,10.13,,23337,19.7,11.3,YSI 2030,n,n,,,,,,,
jn,jneri,50m,9/11/22,September,1,2022,10:09:00 AM,58.5378,-134.851567,n,11.09,,23973,19.4,11.2,YSI 2030,n,y,6.3,5.9,4.99,,5.73,Hach 2100Q Turbidimeter,
jn,jneri,50m,9/11/22,September,5,2022,10:09:00 AM,58.5378,-134.851567,n,11.14,,23039,19.4,11.4,YSI 2030,n,n,,,,,,,
jn,jneri,near,9/11/22,September,0.25,2022,9:55:00 AM,58.53745,-134.84985,y,10.42,,22908,19.3,11.3,YSI 2030,n,y,6.87,6.52,7.65,,7.013333333,Hach 2100Q Turbidimeter,
jn,jnmri,near,3/29/21,April,1,2021,10:15:00 AM,58.32916667,-134.6084333,y,10.36,,28417,30.8,3.5,YSI 2030,n,y,6.98,6.38,7.56,,6.973333333,Hach 2100P Turbidimeter,
jn,jnmri,near,4/27/21,May,1,2021,7:00:00 AM,58.32916667,-134.6084333,y,12.34,,29000,28.7,6.4,YSI 2030,n,y,13.1,12.1,10.6,,11.93333333,Hach 2100P Turbidimeter,
jn,jnmri,near,4/27/21,May,5,2021,6:45:00 AM,58.32916667,-134.6084333,y,13.67,,27982,28.3,6.5,YSI 2030,n,n,,,,,,,
jn,jnmri,near,5/24/21,June,1,2021,6:05:00 AM,58.32916667,-134.6084333,y,10.9,,20618,18.9,7.9,YSI 2030,n,y,2.78,2.5,2.28,,2.52,Hach 2100P Turbidimeter,
jn,jnmri,near,5/24/21,June,5,2021,6:45:00 AM,58.32916667,-134.6084333,y,12.43,,21858,19.9,8.4,YSI 2030,n,n,,,,,,,
jn,jnmri,near,6/25/21,July,1,2021,10:15:00 AM,58.32916667,-134.6084333,y,11.2,,9580,8.2,10.4,YSI 2030,n,y,16.7,16.2,15.3,,16.06666667,Hach 2100P Turbidimeter,
jn,jnmri,near,6/25/21,July,5,2021,10:00:00 AM,58.32916667,-134.6084333,y,11.1,,9327,7.8,10.2,YSI 2030,n,n,,,,,,,
jn,jnmri,near,7/26/21,August,1,2021,10:59:00 AM,58.32916667,-134.6084333,y,10.26,,14792.5,11.6,12.9,YSI 2030,n,y,5.95,2.41,3.58,,3.98,Hach 2100P Turbidimeter,
jn,jnmri,near,8/24/21,September,1,2021,10:15:00 AM,58.32916667,-134.6084333,y,10.48,,17753,12.2,12.4,YSI 2030,n,n,,,,,,,
jn,jnmri,near,8/24/21,September,5,2021,9:45:00 AM,58.32916667,-134.6084333,y,10.5,,17534,14,12.2,YSI 2030,n,n,,,,,,,
jn,jnmri,100m,10/4/21,October,1,2021,10:15:00 AM,58 19.881,-134 36.779,n,8.96,,26130,24.5,7.8,YSI 2030,n,y,1.5,1.15,1.03,,1.226666667,Hach 2100P Turbidimeter,
jn,jnmri,100m,10/4/21,October,5,2021,10:15:00 AM,58 19.881,-134 36.779,n,8.69,,27352,25.6,8.1,YSI 2030,n,n,,,,,,,
jn,jnmri,50m,10/4/21,October,5,2021,10:15:00 AM,58 19.899,-134 36.742,n,9.42,,26217,24.6,7.8,YSI 2030,n,y,2.1,1.75,1.79,,1.88,Hach 2100P Turbidimeter,
jn,jnmri,50m,10/4/21,October,5,2021,10:15:00 AM,58 19.899,-134 36.742,n,9.07,,27045,25.3,8.1,YSI 2030,n,n,,,,,,,
jn,jnmri,near,10/4/21,October,0.5,2021,10:15:00 AM,58.33135,-134.6118,y,8.98,,26887,25.2,8,YSI 2030,n,y,2.47,2.83,2.84,,2.713333333,Hach 2100P Turbidimeter,
jn,jnmri,100m,4/18/22,April,1,2022,,58 19.881,-134 36.779,n,11.5,,29335,30.9,4.3,YSI 2030,n,y,2.31,3.36,3.16,,2.943333333,Hach 2100Q Turbidimeter,
jn,jnmri,100m,4/18/22,April,5,2022,,58 19.881,-134 36.779,n,9.09,,29306,31.2,4,YSI 2030,n,n,,,,,,,
jn,jnmri,50m,4/18/22,April,1,2022,,58 19.899,-134 36.742,n,10.67,,29356,30.9,4.3,YSI 2030,n,y,3.44,2.53,1.68,,2.55,Hach 2100Q Turbidimeter,
jn,jnmri,50m,4/18/22,April,5,2022,,58 19.899,-134 36.742,n,8.96,,29324,31.2,4,YSI 2030,n,n,,,,,,,
jn,jnmri,near,4/18/22,April,1,2022,,58.32916667,-134.6084333,y,11.02,,29359,30.9,4.3,YSI 2030,n,y,3.49,2.14,1.37,,2.333333333,Hach 2100Q Turbidimeter,
jn,jnmri,100m,5/19/22,May,1,2022,11:41:00 AM,58.3308,-134.612867,n,17.04,,28777,26.5,8.7,YSI 2030,n,y,2.74,2.67,,,2.705,Hach 2100Q Turbidimeter,
jn,jnmri,100m,5/19/22,May,5,2022,10:04:00 AM,58.3308,-134.612683,n,13.73,,30315,29.6,7,YSI 2030,n,n,,,,,,,
jn,jnmri,50m,5/19/22,May,1,2022,11:35:00 AM,58.330567,-134.6117,n,12.38,,28626,26.1,8.8,YSI 2030,n,y,3.14,4.13,3.03,,3.433333333,Hach 2100Q Turbidimeter,
jn,jnmri,50m,5/19/22,May,5,2022,11:37:00 AM,58.33065,-134.6121,n,12.48,,30337,29.7,6.8,YSI 2030,n,n,,,,,,,
jn,jnmri,near,5/19/22,May,0.5,2022,11:30:00 AM,58.331317,-134.6116,y,11.37,,25540,22.3,10.2,YSI 2030,n,y,8.01,18.8,9.59,,12.13333333,Hach 2100Q Turbidimeter,
jn,jnmri,100m,6/13/22,June,1,2022,8:00:00 AM,58.3307,-134.61345,n,12.13,,18899,15.7,11,YSI 2030,n,y,4.34,3.8,3.69,,3.943333333,Hach 2100Q Turbidimeter,
jn,jnmri,100m,6/13/22,June,5,2022,8:01:00 AM,58.3307,-134.61345,n,10.43,,28569,25.1,10.6,YSI 2030,n,n,,,,,,,
jn,jnmri,50m,6/13/22,June,1,2022,7:54:00 AM,58.331,-134.6128,n,11.16,,18.223,15.2,10.8,YSI 2030,n,y,3.26,2.89,4.22,,3.456666667,Hach 2100Q Turbidimeter,
jn,jnmri,50m,6/13/22,June,5,2022,7:56:00 AM,58.331,-134.6128,n,9.99,,28562,24.9,10.7,YSI 2030,n,n,,,,,,,
jn,jnmri,near,6/13/22,June,0.5,2022,7:50:00 AM,58.32916667,-134.6084333,y,11.24,,16948,14.2,10.4,YSI 2030,n,y,4.11,3.31,3.98,,3.8,Hach 2100Q Turbidimeter,
jn,jnmri,100m,7/18/22,July,1,2022,1:20:00 AM,58.330833,-134.61385,n,10.07,,21794,17.7,12.5,YSI 2030,n,y,3.53,6.58,8,,6.036666667,Hach 2100Q Turbidimeter,
jn,jnmri,100m,7/18/22,July,5,2022,1:21:00 AM,58.330833,-134.61385,n,10.1,,23875,19.7,12.2,YSI 2030,n,n,,,,,,,
jn,jnmri,50m,7/18/22,July,1,2022,1:12:00 AM,58.331083,-134.613267,n,10.13,,21660,17.4,12.5,YSI 2030,n,y,8.82,6.38,9.79,,8.33,Hach 2100Q Turbidimeter,
jn,jnmri,50m,7/18/22,July,5,2022,1:13:00 AM,58.331083,-134.613267,n,10.21,,23868,19.7,12.2,YSI 2030,n,n,,,,,,,
jn,jnmri,near,7/18/22,July,1,2022,12:48:00 PM,58.33135,-134.611683,y,10.39,,21851,17.7,12.5,YSI 2030,n,y,10.1,9.64,9.59,,9.776666667,Hach 2100Q Turbidimeter,
jn,jnmri,100m,8/14/22,August,1,2022,11:07:00 AM,58.33015,-134.614633,n,11.09,,18569,14.8,12.5,YSI 2030,n,y,3.66,4.49,4.74,,4.296666667,Hach 2100Q Turbidimeter,
jn,jnmri,100m,8/14/22,August,5,2022,11:10:00 AM,58.33015,-134.614633,n,12.41,,21244,17.8,11.7,YSI 2030,n,n,,,,,,,
jn,jnmri,50m,8/14/22,August,1,2022,11:00:00 AM,58.33085,-134.61365,n,10.71,,18766,15,12.6,YSI 2030,n,y,3.35,2.36,3.64,,3.116666667,Hach 2100Q Turbidimeter,
jn,jnmri,50m,8/14/22,August,5,2022,11:03:00 AM,58.33085,-134.61365,n,9.7,,21290,17.5,11.8,YSI 2030,n,n,,,,,,,
jn,jnmri,near,8/14/22,August,0.5,2022,10:50:00 AM,58.331317,-134.6126,y,10.87,,18622,14.8,12.6,YSI 2030,n,y,3.8,3.72,3.86,,3.793333333,Hach 2100Q Turbidimeter,
jn,jnmri,100m,9/10/22,September,1,2022,10:08:00 AM,58.330767,-134.613517,n,10.65,,17270,14.6,10.6,YSI 2030,n,y,21.4,19.4,23.1,,21.3,Hach 2100Q Turbidimeter,
jn,jnmri,100m,9/10/22,September,5,2022,10:10:00 AM,58.330767,-134.613517,n,10.54,,22366,18.8,11.2,YSI 2030,n,n,,,,,,,
jn,jnmri,50m,9/10/22,September,1,2022,10:03:00 AM,58.331133,-134.61285,n,10.52,,17527,14,10.7,YSI 2030,n,y,24.2,23.7,22.7,,23.53333333,Hach 2100Q Turbidimeter,
jn,jnmri,50m,9/10/22,September,5,2022,10:04:00 AM,58.331133,-134.61285,n,10.56,,22285,18.7,11.2,YSI 2030,n,n,,,,,,,
jn,jnmri,near,9/10/22,September,1,2022,9:35:00 AM,58.331417,-134.612867,y,11.6,,17860,14.8,10.7,YSI 2030,n,y,51.4,52.9,46.9,,50.4,Hach 2100Q Turbidimeter,
jn,jnsci,near,3/28/21,April,1,2021,9:15:00 PM,58.2613,-134.3344333,y,10.32,,27823,30.1,3.4,YSI 2030,n,y,2.47,1.44,5.89,0.86,2.665,Hach 2100P Turbidimeter,
jn,jnsci,near,4/29/21,May,1,2021,9:45:00 AM,58.2613,-134.3344333,y,10.4,,16620,15.3,5.6,YSI 2030,n,n,,,,,,,
jn,jnsci,near,4/29/21,May,5,2021,9:30:00 AM,58.2613,-134.3344333,y,13.4,,16093,12.8,5,YSI 2030,n,n,,,,,,,
jn,jnsci,near,5/27/21,June,1,2021,10:45:00 AM,58.2613,-134.3344333,y,12.06,,23095,20.7,9.1,YSI 2030,n,y,2.65,3.36,2.35,,2.786666667,Hach 2100P Turbidimeter,
jn,jnsci,near,5/27/21,June,5,2021,10:15:00 AM,58.2613,-134.3344333,y,12.77,,17683,9.9,7.2,YSI 2030,n,n,,,,,,,
jn,jnsci,near,6/28/21,July,1,2021,11:30:00 AM,58.2613,-134.3344333,y,11.97,,9705,8.4,12,YSI 2030,n,y,4.01,3.32,4.05,,3.793333333,Hach 2100P Turbidimeter,
jn,jnsci,near,6/28/21,July,5,2021,11:15:00 AM,58.2613,-134.3344333,y,12.89,,5522,3.4,10,YSI 2030,n,n,,,,,,,
jn,jnsci,near,7/27/21,August,1,2021,10:00:00 AM,58.2613,-134.3344333,y,11.92,,15969,13,11.1,YSI 2030,n,y,3.71,4.35,3.6,,3.886666667,Hach 2100P Turbidimeter,
jn,jnsci,near,8/23/21,September,1,2021,10:15:00 AM,58.2613,-134.3344333,y,12.3,,17537,14.6,10.8,YSI 2030,n,y,5.66,5.96,5.17,,5.596666667,Hach 2100P Turbidimeter,
jn,jnsci,near,8/23/21,September,5,2021,10:00:00 AM,58.2613,-134.3344333,y,11.51,,17138,14.3,10.8,YSI 2030,n,n,,,,,,,
jn,jnsci,100m,10/4/21,October,1,2021,9:00:00 AM,58 15.272,-134 19.305,n,12.14,,17219,16,6.9,YSI 2030,n,y,1.37,1.23,1.2,,1.266666667,Hach 2100P Turbidimeter,
jn,jnsci,100m,10/4/21,October,5,2021,9:00:00 AM,58 15.272,-134 19.305,n,11.36,,26929,25,8.3,YSI 2030,n,n,,,,,,,
jn,jnsci,50m,10/4/21,October,1,2021,9:00:00 AM,58 15.337,-134 19.343,n,10.1,,17951,16.6,7,YSI 2030,n,y,1.24,1.45,1.53,,1.406666667,Hach 2100P Turbidimeter,
jn,jnsci,50m,10/4/21,October,5,2021,9:00:00 AM,58 15.337,-134 19.343,n,8.36,,28107,26.2,8.3,YSI 2030,n,n,,,,,,,
jn,jnsci,near,10/4/21,October,0.5,2021,9:00:00 AM,58 15.391,-134 19.362,y,9.49,,21237,19.6,7.7,YSI 2030,n,y,1.63,1.55,1.59,,1.59,Hach 2100P Turbidimeter,
jn,jnsci,100m,4/20/22,April,1,2022,11:36:00 AM,58.255933,-134.32105,n,11.37,,29431,30.3,5.5,YSI 2030,n,y,2.43,2.67,2.33,,2.476666667,Hach 2100Q Turbidimeter,
jn,jnsci,100m,4/20/22,April,5,2022,11:38:00 AM,58.255933,-134.32105,n,9.18,,29189,30.8,4.3,YSI 2030,n,n,,,,,,,
jn,jnsci,50m,4/20/22,April,1,2022,11:32:00 AM,58.25625,-134.321583,n,11.38,,29385,30.2,5.2,YSI 2030,n,y,2.8,1.58,1.59,,1.99,Hach 2100Q Turbidimeter,
jn,jnsci,50m,4/20/22,April,5,2022,11:33:00 AM,58.25625,-134.321583,n,10.8,,29181,30.7,4.4,YSI 2030,n,n,,,,,,,
jn,jnsci,near,4/20/22,April,1,2022,11:16:00 AM,58.2567,-134.321483,y,12.11,,25007,25,5.6,YSI 2030,n,y,4.06,2.81,2.18,,3.016666667,Hach 2100Q Turbidimeter,
jn,jnsci,100m,5/18/22,May,1,2022,10:35:00 AM,58.2559,-134.32015,n,12.05,,27393,25.8,7.9,YSI 2030,n,y,1.65,1.65,2.24,,1.846666667,Hach 2100Q Turbidimeter,
jn,jnsci,100m,5/18/22,May,5,2022,10:36:00 AM,58.2559,-134.32015,n,12.03,,27660,26.3,7.6,YSI 2030,n,n,,,,,,,
jn,jnsci,50m,5/18/22,May,1,2022,10:30:00 AM,58.25625,-134.321583,n,13.49,,26670,25.1,7.8,YSI 2030,n,y,3.14,1.99,2.54,,2.556666667,Hach 2100Q Turbidimeter,
jn,jnsci,50m,5/18/22,May,5,2022,10:32:00 AM,58.25625,-134.321583,n,12.29,,27703,26.5,7.4,YSI 2030,n,n,,,,,,,
jn,jnsci,near,5/18/22,May,0.1,2022,10:25:00 AM,58.2567,-134.321483,y,11.98,,27510,26.4,7.5,YSI 2030,n,y,2.8,1.83,1.89,,2.173333333,Hach 2100Q Turbidimeter,
jn,jnsci,100m,6/15/22,June,1,2022,9:09:00 AM,58.255867,-134.320717,n,10.38,,15929,17,8.7,YSI 2030,n,y,6.4,6.25,6.17,,6.273333333,Hach 2100Q Turbidimeter,
jn,jnsci,100m,6/15/22,June,5,2022,9:12:00 AM,58.255867,-134.320717,n,9.89,,25027,24.2,8.1,YSI 2030,n,n,,,,,,,
jn,jnsci,50m,6/15/22,June,1,2022,9:03:00 AM,58.256167,-134.321267,n,10.9,,15971,13.6,8.5,YSI 2030,n,y,6.06,6.3,5.51,,5.956666667,Hach 2100Q Turbidimeter,
jn,jnsci,50m,6/15/22,June,5,2022,9:05:00 AM,58.256167,-134.321267,n,9.73,,25305,23.9,8.1,YSI 2030,n,n,,,,,,,
jn,jnsci,near,6/15/22,June,1,2022,10:05:00 AM,58.256733,-134.32155,y,10.52,,15319,14.1,8.8,YSI 2030,n,y,16.4,10.1,22.2,,16.23333333,Hach 2100Q Turbidimeter,
jn,jnsci,100m,7/16/22,July,1,2022,,58.256,-134.3203,n,11.64,,17564,14.4,11.4,YSI 2030,n,y,2.98,1.95,3.3,,2.743333333,Hach 2100Q Turbidimeter,
jn,jnsci,100m,7/16/22,July,5,2022,,58.256,-134.3203,n,10.4,,22294,14.2,10.3,YSI 2030,n,n,,,,,,,
jn,jnsci,50m,7/16/22,July,1,2022,,58.25625,-134.321117,n,10.24,,17708,14.5,11.3,YSI 2030,n,y,3.99,3.91,3.92,,3.94,Hach 2100Q Turbidimeter,
jn,jnsci,50m,7/16/22,July,5,2022,,58.25625,-134.321117,n,9.81,,22543,17.5,10.5,YSI 2030,n,n,,,,,,,
jn,jnsci,near,7/16/22,July,1,2022,10:30:00 AM,58.256717,-134.3215,y,10.34,,16601,13.6,11.3,YSI 2030,n,y,10.6,13.7,6.76,28.5,14.89,Hach 2100Q Turbidimeter,
jn,jnsci,100m,8/15/22,August,1,2022,10:23:00 AM,58.256067,-134.3199,n,10.15,,19319,16.3,10.6,YSI 2030,n,y,8.5,7.03,6.08,,7.203333333,Hach 2100Q Turbidimeter,
jn,jnsci,100m,8/15/22,August,5,2022,10:23:00 AM,58.256067,-134.3199,n,10.06,,20306,17.3,10.5,YSI 2030,n,n,,,,,,,
jn,jnsci,50m,8/15/22,August,1,2022,10:20:00 AM,58.25655,-134.320717,n,10.27,,19488,16.4,10.6,YSI 2030,n,y,6.17,4.92,5.41,,5.5,Hach 2100Q Turbidimeter,
jn,jnsci,50m,8/15/22,August,5,2022,10:20:00 AM,58.25655,-134.320717,n,10.04,,21217,18.2,10.4,YSI 2030,n,n,,,,,,,
jn,jnsci,near,8/15/22,August,0.2,2022,10:05:00 AM,58.256767,-134.321517,y,10,,19081,16.1,10.7,YSI 2030,n,y,10.5,7.99,12.1,,10.19666667,Hach 2100Q Turbidimeter,
jn,jnsci,100m,9/15/22,September,1,2022,8:57:00 AM,58.255483,-134.320033,n,10.37,,20868,18.3,9.5,YSI 2030,n,y,1.48,1.9,1.98,,1.786666667,Hach 2100Q Turbidimeter,
jn,jnsci,100m,9/15/22,September,5,2022,8:59:00 AM,58.255483,-134.320033,n,9.98,,22912,20.1,9.8,YSI 2030,n,n,,,,,,,
jn,jnsci,50m,9/15/22,September,1,2022,9:01:00 AM,58.256233,-134.320433,n,10.13,,20894,18.3,9.6,YSI 2030,n,y,2.13,2.66,3.31,,2.7,Hach 2100Q Turbidimeter,
jn,jnsci,50m,9/15/22,September,5,2022,9:02:00 AM,58.256233,-134.320433,n,9.63,,23735,20.8,9.8,YSI 2030,n,n,,,,,,,
jn,jnsci,near,9/15/22,September,2.5,2022,9:07:00 AM,58.256733,-134.32145,y,9.62,,21165,18.5,9.6,YSI 2030,n,y,1.8,2.34,2.08,,2.073333333,Hach 2100Q Turbidimeter,
kb,kbgwi,100m,3/30/21,April,1,2021,10:43:00 AM,59.661762,-151.168704,n,11.46,103.6,47.74,29.5,2.9,YSI 2030,n,y,2.16,1.97,2.04,,2.056666667,Hach 2100P Turbidimeter,
kb,kbgwi,100m,3/30/21,April,5,2021,10:43:00 AM,59.661762,-151.168704,n,11.15,102.5,49.87,31.9,3,YSI 2030,n,n,,,,,,,
kb,kbgwi,50m,3/30/21,April,1,2021,10:38:00 AM,59.66494,-151.450905,n,11.6,105.3,48.5,30.5,2.9,YSI 2030,n,y,3.76,2.99,3.29,,3.346666667,Hach 2100P Turbidimeter,
kb,kbgwi,50m,3/30/21,April,5,2021,10:38:00 AM,59.66494,-151.450905,n,11.31,104.1,49.89,31.7,3,YSI 2030,n,n,,,,,,,
kb,kbgwi,near,3/30/21,April,0.5,2021,12:00:00 AM,59.661817,-151.170433,y,9.61,,49.4,31.4,3.3,YSI 2030,n,y,4.49,3.88,4.04,,4.136666667,Hach 2100P Turbidimeter,
kb,kbgwi,near,3/30/21,April,1,2021,12:00:00 AM,59.661817,-151.170433,y,11.61,,49.5,31.4,3,YSI 2030,n,n,,,,,,,
kb,kbgwi,100m,5/1/21,May,1,2021,1:38:00 AM,59.661762,-151.168704,n,14.61,146.1,30610,30.9,6,YSI 2030,n,y,1.14,1.27,1.23,,1.213333333,Hach 2100P Turbidimeter,
kb,kbgwi,100m,5/1/21,May,5,2021,1:39:00 AM,59.661762,-151.168704,n,14.93,145.4,30417,31.1,5.4,YSI 2030,n,n,,,,,,,
kb,kbgwi,50m,5/1/21,May,1,2021,1:25:00 AM,59.66494,-151.450905,n,15.29,153.3,30074,30.1,6.2,YSI 2030,n,y,1.92,2.01,2.12,,2.016666667,Hach 2100P Turbidimeter,
kb,kbgwi,50m,5/1/21,May,5,2021,1:27:00 AM,59.66494,-151.450905,n,15.07,147,30464,31.2,5.4,YSI 2030,n,n,,,,,,,
kb,kbgwi,near,5/1/21,May,0.5,2021,12:00:00 AM,59.661817,-151.170433,y,16.42,,24817,23.5,7.4,YSI 2030,n,y,1.79,2.18,1.89,,1.953333333,Hach 2100P Turbidimeter,
kb,kbgwi,near,5/1/21,May,1,2021,12:00:00 AM,59.661817,-151.170433,y,16.56,,24724,23.4,7.4,YSI 2030,n,n,,,,,,,
kb,kbgwi,100m,5/26/21,June,1,2021,9:50:00 AM,59.661762,-151.168704,n,13.45,138.7,30620,28.7,8.5,YSI 2030,n,y,3.55,3.54,3.53,,3.54,Hach 2100P Turbidimeter,
kb,kbgwi,100m,5/26/21,June,5,2021,9:50:00 AM,59.661762,-151.168704,n,13.8,143.7,32016,30.1,8.5,YSI 2030,n,n,,,,,,,
kb,kbgwi,50m,5/26/21,June,1,2021,9:45:00 AM,59.66494,-151.450905,n,15.74,143.2,29058,27.1,8.3,YSI 2030,n,y,4.68,5.24,5.14,,5.02,Hach 2100P Turbidimeter,
kb,kbgwi,50m,5/26/21,June,5,2021,9:45:00 AM,59.66494,-151.450905,n,14.33,148.1,31766,29.9,8.4,YSI 2030,n,n,,,,,,,
kb,kbgwi,near,5/26/21,June,1,2021,12:00:00 AM,59.661817,-151.170433,y,12.93,,30594,29.3,7.7,YSI 2030,n,y,3.79,3.44,3.89,,3.706666667,Hach 2100P Turbidimeter,
kb,kbgwi,near,5/26/21,June,5,2021,12:00:00 AM,59.661817,-151.170433,y,14.36,,30782,29.7,7.4,YSI 2030,n,n,,,,,,,
kb,kbgwi,100m,6/24/21,July,1,2021,9:48:00 AM,59.661762,-151.168704,n,11.52,117.9,25080,22.4,10,YSI 2030,n,y,23.7,22.4,21.7,,22.6,Hach 2100P Turbidimeter,
kb,kbgwi,100m,6/24/21,July,5,2021,9:49:00 AM,59.661762,-151.168704,n,12.15,125.1,31866,30.4,8,YSI 2030,n,n,,,,,,,
kb,kbgwi,50m,6/24/21,July,1,2021,9:43:00 AM,59.66494,-151.450905,n,12.54,130,26545,22.9,10.9,YSI 2030,n,y,6.97,7.08,6.46,,6.836666667,Hach 2100P Turbidimeter,
kb,kbgwi,50m,6/24/21,July,5,2021,9:45:00 AM,59.66494,-151.450905,n,12.92,133.39,31825,30.1,8.2,YSI 2030,n,n,,,,,,,
kb,kbgwi,near,6/24/21,July,5,2021,12:00:00 AM,59.661817,-151.170433,y,12.25,,25142,22.2,9.8,YSI 2030,n,y,34,30.1,30.5,,31.53333333,Hach 2100P Turbidimeter,
kb,kbgwi,near,6/24/21,July,1,2021,12:00:00 AM,59.661817,-151.170433,y,12.86,,23333,20.6,9.6,YSI 2030,n,n,,,,,,,
kb,kbgwi,100m,7/23/21,August,1,2021,9:30:00 AM,59.661762,-151.168704,n,12.12,130.7,29044,24.9,12,YSI 2030,n,y,25.8,26,25.5,,25.76666667,Hach 2100P Turbidimeter,
kb,kbgwi,100m,7/23/21,August,5,2021,9:30:00 AM,59.661762,-151.168704,n,12.12,131.6,32735,28.9,10.8,YSI 2030,n,n,,,,,,,
kb,kbgwi,50m,7/23/21,August,1,2021,9:26:00 AM,59.66494,-151.450905,n,12.5,125.4,23870,17.9,10.9,YSI 2030,n,y,25.1,25.3,26.2,,25.53333333,Hach 2100P Turbidimeter,
kb,kbgwi,50m,7/23/21,August,5,2021,9:26:00 AM,59.66494,-151.450905,n,12.74,137.3,33080,29.5,10.5,YSI 2030,n,n,,,,,,,
kb,kbgwi,near,7/23/21,August,5,2021,8:15:00 AM,59.661817,-151.170433,y,11.1,,25736,21.8,11.5,YSI 2030,n,y,44.7,44.4,43.8,,44.3,Hach 2100P Turbidimeter,
kb,kbgwi,near,7/23/21,August,1,2021,8:00:00 AM,59.661817,-151.170433,y,15.08,,6483,5.5,7.1,YSI 2030,n,n,,,,,,,
kb,kbgwi,100m,8/22/21,September,1,2021,10:16:00 AM,59.661762,-151.168704,n,10.02,111.9,31805,26.5,12.9,YSI 2030,n,y,2.25,2.34,2.13,,2.24,Hach 2100P Turbidimeter,
kb,kbgwi,100m,8/22/21,September,5,2021,10:16:00 AM,59.661762,-151.168704,n,10.87,121.1,32613,27.9,12,YSI 2030,n,n,,,,,,,
kb,kbgwi,50m,8/22/21,September,1,2021,10:09:00 AM,59.66494,-151.450905,n,10.87,118.1,30756,25.8,12.6,YSI 2030,n,y,4.34,4.23,4.24,,4.27,Hach 2100P Turbidimeter,
kb,kbgwi,50m,8/22/21,September,5,2021,10:09:00 AM,59.66494,-151.450905,n,11.11,122.7,32532,27.1,12,YSI 2030,n,n,,,,,,,
kb,kbgwi,near,8/22/21,September,5,2021,8:30:00 AM,59.661817,-151.170433,y,9.68,,29680,25.2,11.9,YSI 2030,n,y,3.99,3.56,3.58,,3.71,Hach 2100P Turbidimeter,
kb,kbgwi,near,8/22/21,September,1,2021,8:15:00 AM,59.661817,-151.170433,y,10.06,,29534,25,12,YSI 2030,n,n,,,,,,,
kb,kbgwi,100m,9/19/21,October,1,2021,3:52:00 AM,59.661762,-151.168704,n,9.88,107.2,32380,28.5,11,YSI 2030,n,y,1.17,1.12,1.24,,1.176666667,Hach 2100P Turbidimeter,
kb,kbgwi,50m,9/19/21,October,1,2021,3:50:00 AM,59.66494,-151.450905,n,10.45,113.7,32439,28.4,11.1,YSI 2030,n,y,1.98,2.08,1.82,,1.96,Hach 2100P Turbidimeter,
kb,kbgwi,near,9/19/21,October,1,2021,9:00:00 AM,59.661817,-151.170433,y,8.37,,31745,28.3,10.4,YSI 2030,n,y,35.9,34.9,32.5,,34.43333333,Hach 2100P Turbidimeter,
kb,kbgwi,100m,4/17/22,April,1,2022,11:35:00 AM,59.661762,-151.168704,n,1.84,17.2,29051,30.4,4.5,YSI 2030,n,y,0.72,0.75,0.8,,0.756666667,Hach 2100P Turbidimeter,
kb,kbgwi,100m,4/17/22,April,5,2022,11:35:00 AM,59.661762,-151.168704,n,1.79,17,29186,30.6,4.4,YSI 2030,n,n,,,,,,,
kb,kbgwi,50m,4/17/22,April,1,2022,11:35:00 AM,59.66494,-151.450905,n,2.18,20.6,29161,30.4,4.6,YSI 2030,n,y,1.17,1.57,1.06,,1.266666667,Hach 2100P Turbidimeter,
kb,kbgwi,near,4/17/22,April,1,2022,9:07:00 AM,59.661817,-151.170433,y,3.45,32.6,28785,30,4.5,YSI 2030,n,y,7.07,7.98,6.84,,7.296666667,Hach 2100P Turbidimeter,
kb,kbgwi,100m,5/15/22,May,1,2022,10:22:00 AM,59.661762,-151.168704,n,1.43,14.2,30404,29.9,6.8,YSI 2030,n,y,0.59,0.7,0.66,,0.65,Hach 2100P Turbidimeter,
kb,kbgwi,100m,5/15/22,May,5,2022,10:22:00 AM,59.661762,-151.168704,n,1.42,14.2,30688,30.2,6.8,YSI 2030,n,n,,,,,,,
kb,kbgwi,50m,5/15/22,May,1,2022,10:16:00 AM,59.66494,-151.450905,n,1.72,16.3,30477,29.6,6.9,YSI 2030,n,y,2.19,1.33,1.67,,1.73,Hach 2100P Turbidimeter,
kb,kbgwi,50m,5/15/22,May,5,2022,10:16:00 AM,59.66494,-151.450905,n,1.46,14.5,30662,30.3,6.7,YSI 2030,n,n,,,,,,,
kb,kbgwi,near,5/15/22,May,1,2022,8:50:00 AM,59.661817,-151.170433,y,1.37,13.7,30347,29.8,6.8,YSI 2030,n,y,10.7,7.97,11.5,,10.05666667,Hach 2100P Turbidimeter,
kb,kbgwi,100m,6/14/22,June,1,2022,9:59:00 AM,59.661762,-151.168704,n,0.64,7.1,30588,24.8,13.7,YSI 2030,n,y,3.41,3.32,3.18,,3.303333333,Hach 2100P Turbidimeter,
kb,kbgwi,100m,6/14/22,June,5,2022,9:59:00 AM,59.661762,-151.168704,n,0.6,6.7,32459,28.1,11.5,YSI 2030,n,n,,,,,,,
kb,kbgwi,50m,6/14/22,June,1,2022,9:55:00 AM,59.66494,-151.450905,n,0.9,8.5,30385,24.6,13.7,YSI 2030,n,y,5.35,6.38,6.08,,5.936666667,Hach 2100P Turbidimeter,
kb,kbgwi,50m,6/14/22,June,5,2022,9:55:00 AM,59.66494,-151.450905,n,0.64,7.1,32655,28.3,11.5,YSI 2030,n,n,,,,,,,
kb,kbgwi,near,6/14/22,June,1,2022,8:40:00 AM,59.661817,-151.170433,y,0.64,6.8,26408,22.3,11.7,YSI 2030,n,y,189,160,179,,176,Hach 2100P Turbidimeter,
kb,kbgwi,100m,7/13/22,July,1,2022,10:12:00 AM,59.661762,-151.168704,n,1.1,10.4,12808,10.7,10.3,YSI 2030,n,y,17.1,17.8,17.9,,17.6,Hach 2100P Turbidimeter,
kb,kbgwi,100m,7/13/22,July,5,2022,10:12:00 AM,59.661762,-151.168704,n,0.93,9.8,31155,29.3,9,YSI 2030,n,n,,,,,,,
kb,kbgwi,50m,7/13/22,July,1,2022,10:08:00 AM,59.66494,-151.450905,n,1.52,13.1,13013,11,9.3,YSI 2030,n,y,21,21,20.9,,20.96666667,Hach 2100P Turbidimeter,
kb,kbgwi,50m,7/13/22,July,5,2022,10:08:00 AM,59.66494,-151.450905,n,1.11,11.5,31759,29.4,9,YSI 2030,n,n,,,,,,,
kb,kbgwi,near,7/13/22,July,1,2022,9:35:00 AM,59.661817,-151.170433,y,1.63,15.6,14634,12.3,9.9,YSI 2030,n,y,28.6,28.3,28.7,,28.53333333,Hach 2100P Turbidimeter,
kb,kbgwi,100m,8/11/22,August,1,2022,9:45:00 AM,59.661762,-151.168704,n,1.14,11.7,21770,18.2,11.4,YSI 2030,n,y,16,15.8,15.2,,15.66666667,Hach 2100P Turbidimeter,
kb,kbgwi,100m,8/11/22,August,5,2022,9:45:00 AM,59.661762,-151.168704,n,1.06,11.5,31083,26.8,11.5,YSI 2030,n,n,,,,,,,
kb,kbgwi,50m,8/11/22,August,1,2022,9:30:00 AM,59.66494,-151.450905,n,1.34,13.7,22577,19.2,10.9,YSI 2030,n,y,25.5,25.1,25.3,,25.3,Hach 2100P Turbidimeter,
kb,kbgwi,50m,8/11/22,August,5,2022,9:30:00 AM,59.66494,-151.450905,n,1.27,13.8,31018,26.7,11.5,YSI 2030,n,n,,,,,,,
kb,kbgwi,near,8/11/22,August,1,2022,8:30:00 AM,59.661817,-151.170433,y,1.72,16.8,17285,14.6,10.1,YSI 2030,n,y,29,28.2,28.6,,28.6,Hach 2100P Turbidimeter,
kb,kbgwi,100m,9/11/22,September,1,2022,10:10:00 AM,59.661762,-151.168704,n,1.23,12.3,26292,22.5,11.2,YSI 2030,n,y,7.34,7.38,7.2,,7.306666667,Hach 2100P Turbidimeter,
kb,kbgwi,100m,9/11/22,September,5,2022,10:10:00 AM,59.661762,-151.168704,n,1.17,12.7,31000,26.6,11.6,YSI 2030,n,n,,,,,,,
kb,kbgwi,50m,9/11/22,September,1,2022,10:07:00 AM,59.66494,-151.450905,n,1.9,18.4,26291,22.6,11,YSI 2030,n,y,7.11,7.14,7.24,,7.163333333,Hach 2100P Turbidimeter,
kb,kbgwi,50m,9/11/22,September,5,2022,10:07:00 AM,59.66494,-151.450905,n,1.34,14.4,31221,27,11.6,YSI 2030,n,n,,,,,,,
kb,kbgwi,near,9/11/22,September,1,2022,9:50:00 AM,59.661817,-151.170433,y,1.63,16.9,25251,21.7,10.8,YSI 2030,n,y,9.51,9.5,9.3,,9.436666667,Hach 2100P Turbidimeter,
kb,kbhbi,100m,4/1/21,April,1,2021,12:05:00 PM,59.600645,-151.167191,n,11.61,107,49.87,31.7,3,YSI 2030,n,y,2.92,3.49,2.87,,3.093333333,Hach 2100P Turbidimeter,
kb,kbhbi,100m,4/1/21,April,5,2021,12:05:00 PM,59.600645,-151.167191,n,11.5,105.9,49.88,31.7,2.9,YSI 2030,n,n,,,,,,,
kb,kbhbi,50m,4/1/21,April,1,2021,12:01:00 PM,59.600952,-151.1671,n,11.51,105.8,49.9,31.7,2.9,YSI 2030,n,y,13.1,13.6,14,,13.56666667,Hach 2100P Turbidimeter,
kb,kbhbi,50m,4/1/21,April,5,2021,12:01:00 PM,59.600952,-151.1671,n,11.57,106.5,49.9,31.6,2.9,YSI 2030,n,n,,,,,,,
kb,kbhbi,near,4/1/21,April,1,2021,12:00:00 AM,59.601417,-151.167483,y,11.68,,49.11,31.1,3,YSI 2030,n,y,72.1,70.2,71.7,,71.33333333,Hach 2100P Turbidimeter,
kb,kbhbi,100m,4/26/21,May,1,2021,9:45:00 AM,59.600645,-151.167191,n,16.43,154.5,29146,30.2,4.8,YSI 2030,n,y,2.93,3.19,2.77,,2.963333333,Hach 2100P Turbidimeter,
kb,kbhbi,100m,4/26/21,May,5,2021,9:46:00 AM,59.600645,-151.167191,n,14.84,141.1,29448,30.8,4.5,YSI 2030,n,n,,,,,,,
kb,kbhbi,50m,4/26/21,May,1,2021,9:38:00 AM,59.600952,-151.1671,n,15.45,143.6,27496,28.3,4.6,YSI 2030,n,y,3.64,3.95,3.92,,3.836666667,Hach 2100P Turbidimeter,
kb,kbhbi,50m,4/26/21,May,5,2021,9:42:00 AM,59.600952,-151.1671,n,14.83,139.2,29473,30.8,4.6,YSI 2030,n,n,,,,,,,
kb,kbhbi,near,4/26/21,May,1,2021,12:00:00 AM,59.601417,-151.167483,y,14.55,,22553,23.4,3.9,YSI 2030,n,y,11,10.7,12,,11.23333333,Hach 2100P Turbidimeter,
kb,kbhbi,near,4/26/21,May,5,2021,12:00:00 AM,59.601417,-151.167483,y,14.12,,27528,28.6,4.5,YSI 2030,n,n,,,,,,,
kb,kbhbi,100m,5/25/21,June,1,2021,9:06:00 AM,59.600645,-151.167191,n,12.67,125.5,27087,24.3,7.2,YSI 2030,n,y,2.28,2.17,1.97,,2.14,Hach 2100P Turbidimeter,
kb,kbhbi,100m,5/25/21,June,5,2021,9:07:00 AM,59.600645,-151.167191,n,13.04,132.5,31399,30.2,7.7,YSI 2030,n,n,,,,,,,
kb,kbhbi,50m,5/25/21,June,1,2021,9:00:00 AM,59.600952,-151.1671,n,13.6,133.6,26652,25.4,7,YSI 2030,n,y,1.54,1.47,1.5,,1.503333333,Hach 2100P Turbidimeter,
kb,kbhbi,50m,5/25/21,June,5,2021,9:01:00 AM,59.600952,-151.1671,n,13.06,132.9,31307,30.1,7.6,YSI 2030,n,n,,,,,,,
kb,kbhbi,near,5/25/21,June,1,2021,12:00:00 AM,59.601417,-151.167483,y,12.96,,26831,25.8,7.1,YSI 2030,n,y,9.32,9.44,10.3,,9.686666667,Hach 2100P Turbidimeter,
kb,kbhbi,near,5/25/21,June,5,2021,12:00:00 AM,59.601417,-151.167483,y,14.28,,28207,27.2,7.2,YSI 2030,n,n,,,,,,,
kb,kbhbi,100m,6/27/21,July,1,2021,11:46:00 AM,59.600645,-151.167191,n,12.86,122.5,17480,15.3,8.9,YSI 2030,n,y,27.4,27.4,28,,27.6,Hach 2100P Turbidimeter,
kb,kbhbi,100m,6/27/21,July,5,2021,11:47:00 AM,59.600645,-151.167191,n,11.91,123.7,31033,28.8,8.8,YSI 2030,n,n,,,,,,,
kb,kbhbi,50m,6/27/21,July,1,2021,11:43:00 AM,59.600952,-151.1671,n,13.07,129.6,24270,22,8.7,YSI 2030,n,y,27.2,26.5,26.5,,26.73333333,Hach 2100P Turbidimeter,
kb,kbhbi,50m,6/27/21,July,5,2021,11:45:00 AM,59.600952,-151.1671,n,12.37,123.1,25668,23.6,8.5,YSI 2030,n,n,,,,,,,
kb,kbhbi,near,6/27/21,July,1,2021,11:00:00 AM,59.601417,-151.167483,y,13.11,,29761,26.2,10.6,YSI 2030,n,y,38.5,39.3,37.8,,38.53333333,Hach 2100P Turbidimeter,
kb,kbhbi,near,6/27/21,July,0.5,2021,11:05:00 AM,59.601417,-151.167483,y,14.69,,20003,17.8,8.8,YSI 2030,n,n,,,,,,,
kb,kbhbi,100m,7/22/21,August,5,2021,9:15:00 AM,59.600645,-151.167191,n,11.83,125.2,33498,31.2,9,YSI 2030,n,y,25.8,26,25.5,,25.76666667,Hach 2100P Turbidimeter,
kb,kbhbi,100m,7/22/21,August,1,2021,9:14:00 AM,59.600645,-151.167191,n,11.63,121.4,239.12,20,11.6,YSI 2030,n,y,27.9,26.8,27,,27.23333333,Hach 2100P Turbidimeter,
kb,kbhbi,50m,7/22/21,August,1,2021,9:09:00 AM,59.600952,-151.1671,n,12.14,127.1,24536,20.5,11.6,YSI 2030,n,y,18.8,18.1,18.6,,18.5,Hach 2100P Turbidimeter,
kb,kbhbi,50m,7/22/21,August,5,2021,9:12:00 AM,59.600952,-151.1671,n,11.73,123.6,33388,31.3,8.8,YSI 2030,n,n,,,,,,,
kb,kbhbi,near,7/22/21,August,1,2021,7:45:00 AM,59.601417,-151.167483,y,12.74,,2948,2.3,9.2,YSI 2030,n,y,32.2,32.3,31.2,,31.9,Hach 2100P Turbidimeter,
kb,kbhbi,near,7/22/21,August,5,2021,7:30:00 AM,59.601417,-151.167483,y,12.83,,7365,6,9.3,YSI 2030,n,n,,,,,,,
kb,kbhbi,100m,8/24/21,September,1,2021,10:52:00 AM,59.600645,-151.167191,n,10.08,110.9,30185,25.9,11.6,YSI 2030,n,y,23.5,24,24.1,,23.86666667,Hach 2100P Turbidimeter,
kb,kbhbi,100m,8/24/21,September,5,2021,10:52:00 AM,59.600645,-151.167191,n,10.36,113,33080,29,11.1,YSI 2030,n,n,,,,,,,
kb,kbhbi,50m,8/24/21,September,1,2021,10:49:00 AM,59.600952,-151.1671,n,15.16,149.5,28179,24.3,11.2,YSI 2030,n,y,13,12.5,12.9,,12.8,Hach 2100P Turbidimeter,
kb,kbhbi,50m,8/24/21,September,5,2021,10:49:00 AM,59.600952,-151.1671,n,11.15,121.5,33051,29.1,11,YSI 2030,n,n,,,,,,,
kb,kbhbi,near,8/24/21,September,5,2021,10:00:00 AM,59.601417,-151.167483,y,10.05,,28927,24.9,11.3,YSI 2030,n,y,10.3,11,10.2,,10.5,Hach 2100P Turbidimeter,
kb,kbhbi,near,8/24/21,September,1,2021,9:45:00 AM,59.601417,-151.167483,y,11.01,,28605,24.6,11.3,YSI 2030,n,n,,,,,,,
kb,kbhbi,100m,9/19/21,October,1,2021,4:21:00 AM,59.600645,-151.167191,n,9.53,103.3,31983,27.9,11.1,YSI 2030,n,y,1.47,1.42,1.52,,1.47,Hach 2100P Turbidimeter,
kb,kbhbi,50m,9/19/21,October,1,2021,4:20:00 AM,59.600952,-151.1671,n,9.35,101.6,32066,28,11.2,YSI 2030,n,y,1.8,1.88,1.97,,1.883333333,Hach 2100P Turbidimeter,
kb,kbhbi,near,9/19/21,October,1,2021,9:45:00 AM,59.601417,-151.167483,y,8.73,,30850,27.6,10.1,YSI 2030,n,y,5.06,4.66,5.02,,4.913333333,Hach 2100P Turbidimeter,
kb,kbhbi,100m,4/16/22,April,1,2022,10:36:00 AM,59.600645,-151.167191,n,5.78,52,28381,30,4.3,YSI 2030,n,y,0.61,0.46,0.71,,0.593333333,Hach 2100P Turbidimeter,
kb,kbhbi,100m,4/16/22,April,5,2022,10:36:00 AM,59.600645,-151.167191,n,4.7,43.9,28996,30.5,4.3,YSI 2030,n,n,,,,,,,
kb,kbhbi,50m,4/16/22,April,1,2022,10:31:00 AM,59.600952,-151.1671,n,7.36,68.1,28724,30.3,4.2,YSI 2030,n,y,0.88,0.76,0.73,,0.79,Hach 2100P Turbidimeter,
kb,kbhbi,50m,4/16/22,April,5,2022,10:33:00 AM,59.600952,-151.1671,n,6.37,60,29045,30.6,4.3,YSI 2030,n,n,,,,,,,
kb,kbhbi,near,4/16/22,April,1,2022,9:18:00 AM,59.601417,-151.167483,y,13.04,121.6,27948,29.5,4.1,YSI 2030,n,y,6.31,6.32,5.23,,5.953333333,Hach 2100P Turbidimeter,
kb,kbhbi,100m,5/14/22,May,1,2022,10:08:00 AM,59.600645,-151.167191,n,0.72,7.1,28954,28.4,6.6,YSI 2030,n,y,0.86,0.88,0.81,,0.85,Hach 2100P Turbidimeter,
kb,kbhbi,100m,5/14/22,May,5,2022,10:08:00 AM,59.600645,-151.167191,n,0.71,7.1,30702,30.2,6.8,YSI 2030,n,n,,,,,,,
kb,kbhbi,50m,5/14/22,May,1,2022,9:59:00 AM,59.600952,-151.1671,n,0.82,8,28830,28.5,6.5,YSI 2030,n,y,1.22,1.03,1.27,,1.173333333,Hach 2100P Turbidimeter,
kb,kbhbi,50m,5/14/22,May,5,2022,9:59:00 AM,59.600952,-151.1671,n,0.76,7.6,30674,30.1,6.8,YSI 2030,n,n,,,,,,,
kb,kbhbi,near,5/14/22,May,1,2022,8:20:00 AM,59.601417,-151.167483,y,0.83,8,27807,28,5.7,YSI 2030,n,y,9.13,10.4,9.11,,9.546666667,Hach 2100P Turbidimeter,
kb,kbhbi,100m,6/12/22,June,1,2022,10:08:00 AM,59.600645,-151.167191,n,0.8,8.1,23320,20.3,10.5,YSI 2030,n,y,10.9,10.6,10.7,,10.73333333,Hach 2100P Turbidimeter,
kb,kbhbi,100m,6/12/22,June,5,2022,10:08:00 AM,59.600645,-151.167191,n,0.81,8.3,31520,30.7,7.2,YSI 2030,n,n,,,,,,,
kb,kbhbi,50m,6/12/22,June,1,2022,9:59:00 AM,59.600952,-151.1671,n,1.1,9.8,23783,20.3,10.4,YSI 2030,n,y,10.6,10.7,10.7,,10.66666667,Hach 2100P Turbidimeter,
kb,kbhbi,50m,6/12/22,June,5,2022,9:59:00 AM,59.600952,-151.1671,n,0.92,9.4,31682,30.9,7.2,YSI 2030,n,n,,,,,,,
kb,kbhbi,near,6/12/22,June,1,2022,7:35:00 AM,59.601417,-151.167483,y,0.9,9.7,27439,22.8,12.4,YSI 2030,n,y,13.3,13.6,13.8,,13.56666667,Hach 2100P Turbidimeter,
kb,kbhbi,100m,7/12/22,July,1,2022,10:15:00 AM,59.600645,-151.167191,n,1.37,15,27749,22.9,12.7,YSI 2030,n,y,11.7,12.2,12.1,,12,Hach 2100P Turbidimeter,
kb,kbhbi,100m,7/12/22,July,5,2022,10:15:00 AM,59.600645,-151.167191,n,1.53,16,32046,30.5,8.2,YSI 2030,n,n,,,,,,,
kb,kbhbi,50m,7/12/22,July,1,2022,10:09:00 AM,59.600952,-151.1671,n,1.6,17.5,27677,22.8,12.9,YSI 2030,n,y,16.5,15.1,16.3,,15.96666667,Hach 2100P Turbidimeter,
kb,kbhbi,50m,7/12/22,July,5,2022,10:09:00 AM,59.600952,-151.1671,n,1.47,15.7,29957,26.2,10.8,YSI 2030,n,n,,,,,,,
kb,kbhbi,near,7/12/22,July,1,2022,8:05:00 AM,59.601417,-151.167483,y,2.74,26.6,15001,12.4,10.5,YSI 2030,n,y,33,32.7,32.3,,32.66666667,Hach 2100P Turbidimeter,
kb,kbhbi,100m,8/10/22,August,1,2022,9:00:00 AM,59.600645,-151.167191,n,10.31,109.8,27422,23.7,11.1,YSI 2030,n,y,3.18,3.19,3.22,,3.196666667,Hach 2100P Turbidimeter,
kb,kbhbi,100m,8/10/22,August,5,2022,9:00:00 AM,59.600645,-151.167191,n,10.39,109.9,33249,30,10.1,YSI 2030,n,n,,,,,,,
kb,kbhbi,50m,8/10/22,August,1,2022,9:00:00 AM,59.600952,-151.1671,n,11.2,118.3,28462,24.4,11.5,YSI 2030,n,y,4.32,4.56,4.45,,4.443333333,Hach 2100P Turbidimeter,
kb,kbhbi,50m,8/10/22,August,5,2022,9:00:00 AM,59.600952,-151.1671,n,10.25,110.1,31828,27.1,11.1,YSI 2030,n,n,,,,,,,
kb,kbhbi,near,8/10/22,August,1,2022,9:00:00 AM,59.601417,-151.167483,y,11.53,120,26409,22.9,10.7,YSI 2030,n,y,32.5,30.8,34.6,,32.63333333,Hach 2100P Turbidimeter,
kb,kbhbi,100m,9/12/22,September,1,2022,10:15:00 AM,59.600645,-151.167191,n,1.31,12.4,28379,24.4,11.3,YSI 2030,n,y,3.22,3.16,3.25,,3.21,Hach 2100P Turbidimeter,
kb,kbhbi,100m,9/12/22,September,5,2022,10:15:00 AM,59.600645,-151.167191,n,1.13,12.2,30380,26.2,11.4,YSI 2030,n,n,,,,,,,
kb,kbhbi,50m,9/12/22,September,1,2022,10:15:00 AM,59.600952,-151.1671,n,1.34,13.8,28484,24.5,11.3,YSI 2030,n,y,3.93,4.33,4,,4.086666667,Hach 2100P Turbidimeter,
kb,kbhbi,50m,9/12/22,September,5,2022,10:15:00 AM,59.600952,-151.1671,n,1.14,12.4,30315,26.2,11.4,YSI 2030,n,n,,,,,,,
kb,kbhbi,near,9/12/22,September,1,2022,10:05:00 AM,59.601417,-151.167483,y,1.84,19.6,28705,24.7,11.2,YSI 2030,n,y,13.6,12.9,13.5,,13.33333333,Hach 2100P Turbidimeter,
kb,kbjki,100m,3/29/21,April,1,2021,10:54:00 AM,59.451241,-151.515588,n,12.39,114.1,48.74,30.9,3.2,YSI 2030,n,y,17.3,16.2,15.9,,16.46666667,Hach 2100P Turbidimeter,
kb,kbjki,50m,3/29/21,April,1,2021,10:49:00 AM,59.452352,-151.515064,n,11.96,110.3,49.3,31.3,3.1,YSI 2030,n,y,21.4,22.3,20.7,,21.46666667,Hach 2100P Turbidimeter,
kb,kbjki,near,3/29/21,April,1,2021,10:45:00 AM,59.451013,-151.506025,y,13.6,,44.66,28.1,3.4,YSI 2030,n,y,31.5,29.8,29.2,,30.16666667,Hach 2100P Turbidimeter,
kb,kbjki,near,3/29/21,April,1,2021,9:15:00 AM,59.451013,-151.506025,y,11.69,,44.94,28.2,3,YSI 2030,n,n,,,,,,,
kb,kbjki,100m,4/25/21,May,1,2021,9:08:00 AM,59.451241,-151.515588,n,14.02,133.5,29202,29.4,5.7,YSI 2030,n,y,3.79,3.63,3.9,,3.773333333,Hach 2100P Turbidimeter,
kb,kbjki,50m,4/25/21,May,1,2021,9:02:00 AM,59.452352,-151.515064,n,15.53,147.4,29099,30,5,YSI 2030,n,y,1.58,1.5,1.84,,1.64,Hach 2100P Turbidimeter,
kb,kbjki,near,4/25/21,May,1,2021,12:00:00 AM,59.451013,-151.506025,y,14.32,,28529,29.4,5,YSI 2030,n,y,2.95,3.36,2.95,,3.086666667,Hach 2100P Turbidimeter,
kb,kbjki,near,4/25/21,May,0.5,2021,12:00:00 AM,59.451013,-151.506025,y,14.69,,28297,29.1,5,YSI 2030,n,n,,,,,,,
kb,kbjki,100m,5/28/21,June,1,2021,1:13:00 PM,59.451241,-151.515588,n,13.47,135.1,31406,31,6.7,YSI 2030,n,y,1.94,1.76,1.98,,1.893333333,Hach 2100P Turbidimeter,
kb,kbjki,50m,5/28/21,June,1,2021,10:30:00 AM,59.452352,-151.515064,n,13.48,115.1,9266,8.3,6.2,YSI 2030,n,y,70.6,73.8,76.5,,73.63333333,Hach 2100P Turbidimeter,
kb,kbjki,near,5/28/21,June,1,2021,12:00:00 AM,59.451013,-151.506025,y,12.89,,21148,20,6.8,YSI 2030,n,y,58.9,54.3,56,,56.4,Hach 2100P Turbidimeter,
kb,kbjki,near,5/28/21,June,1,2021,12:00:00 AM,59.451013,-151.506025,y,13.52,,25051,24,6.9,YSI 2030,n,n,,,,,,,
kb,kbjki,100m,6/26/21,July,1,2021,11:36:00 AM,59.451241,-151.515588,n,12.16,122.5,27138,25.1,8.6,YSI 2030,n,y,4.68,4.79,4.79,,4.753333333,Hach 2100P Turbidimeter,
kb,kbjki,50m,6/26/21,July,1,2021,11:33:00 AM,59.452352,-151.515064,n,14.38,135.2,15120,12.8,8.6,YSI 2030,n,y,5.75,5.28,5.48,,5.503333333,Hach 2100P Turbidimeter,
kb,kbjki,near,6/26/21,July,0.5,2021,12:00:00 AM,59.451013,-151.506025,y,11.49,,25246,23.4,8.1,YSI 2030,n,y,16.9,18.3,19.5,,18.23333333,Hach 2100P Turbidimeter,
kb,kbjki,near,6/26/21,July,1,2021,12:00:00 AM,59.451013,-151.506025,y,12.28,,26672,25,8,YSI 2030,n,n,,,,,,,
kb,kbjki,100m,7/25/21,August,1,2021,11:42:00 AM,59.451241,-151.515588,n,12.65,138.9,34173,30.2,11,YSI 2030,n,y,3.47,2.9,3.38,,3.25,Hach 2100P Turbidimeter,
kb,kbjki,50m,7/25/21,August,1,2021,10:58:00 AM,59.452352,-151.515064,n,13.08,142,29696,25.2,11.9,YSI 2030,n,y,8.29,7.29,9.18,,8.253333333,Hach 2100P Turbidimeter,
kb,kbjki,near,7/25/21,August,0.5,2021,9:30:00 AM,59.451013,-151.506025,y,11.37,,30045,26.6,10.5,YSI 2030,n,y,11.8,11.2,14.2,,12.4,Hach 2100P Turbidimeter,
kb,kbjki,near,7/25/21,August,1,2021,9:15:00 AM,59.451013,-151.506025,y,11.7,,31572,28,10.6,YSI 2030,n,n,,,,,,,
kb,kbjki,100m,8/23/21,September,1,2021,10:40:00 AM,59.451241,-151.515588,n,10.34,111.3,33861,30.2,10.6,YSI 2030,n,y,2.71,2.99,2.43,,2.71,Hach 2100P Turbidimeter,
kb,kbjki,50m,8/23/21,September,1,2021,9:32:00 AM,59.452352,-151.515064,n,9.32,100.6,32507,28.9,10.6,YSI 2030,n,y,7.06,6.82,6.64,,6.84,Hach 2100P Turbidimeter,
kb,kbjki,near,8/23/21,September,0.5,2021,9:30:00 AM,59.451013,-151.506025,y,9.04,,31197,27.5,10.6,YSI 2030,n,y,10.2,11.7,11.4,,11.1,Hach 2100P Turbidimeter,
kb,kbjki,near,8/23/21,September,1,2021,9:15:00 AM,59.451013,-151.506025,y,9.43,,32177,28.6,10.6,YSI 2030,n,n,,,,,,,
kb,kbjki,100m,9/20/21,October,1,2021,9:38:00 AM,59.451241,-151.515588,n,4.47,48,32631,29.3,10.2,YSI 2030,n,y,1,0.9,0.85,,0.916666667,Hach 2100P Turbidimeter,
kb,kbjki,50m,9/20/21,October,1,2021,9:36:00 AM,59.452352,-151.515064,n,4.41,47.2,32502,29.3,10.1,YSI 2030,n,y,1.72,1.58,1.5,,1.6,Hach 2100P Turbidimeter,
kb,kbjki,near,9/20/21,October,1,2021,9:30:00 AM,59.451013,-151.506025,y,5.48,,31591,28.6,9.9,YSI 2030,n,y,10.7,10.7,12.1,,11.16666667,Hach 2100P Turbidimeter,
kb,kbjki,100m,4/19/22,April,1,2022,12:56:00 PM,59.451241,-151.515588,n,1.85,17.1,29386,30.7,4.7,YSI 2030,n,y,13.8,16.1,13.4,,14.43333333,Hach 2100P Turbidimeter,
kb,kbjki,50m,4/19/22,April,1,2022,10:37:00 AM,59.452352,-151.515064,n,1.19,11.1,26006,26.5,5,YSI 2030,n,y,21,23.5,22,,22.16666667,Hach 2100P Turbidimeter,
kb,kbjki,near,4/19/22,April,1,2022,10:35:00 AM,59.451013,-151.506025,y,2.15,19.9,24562,24.9,5,YSI 2030,n,y,12.2,11.7,12.8,,12.23333333,Hach 2100P Turbidimeter,
kb,kbjki,100m,5/19/22,May,1,2022,1:20:00 PM,59.451241,-151.515588,n,14.76,151,30430,28.9,8,YSI 2030,n,y,2.11,2.7,2.28,,2.363333333,Hach 2100P Turbidimeter,
kb,kbjki,50m,5/19/22,May,1,2022,1:11:00 PM,59.452352,-151.515064,n,18.71,184,30052,28.2,8.3,YSI 2030,n,y,3.48,2.52,2.35,,2.783333333,Hach 2100P Turbidimeter,
kb,kbjki,near,5/19/22,May,1,2022,12:00:00 PM,59.451013,-151.506025,y,1.05,10.3,18124,15.4,10.2,YSI 2030,n,y,7.56,7.83,7.52,,7.636666667,Hach 2100P Turbidimeter,
kb,kbjki,100m,6/16/22,June,1,2022,11:56:00 AM,59.451241,-151.515588,n,0.95,9,30112,27,10.1,YSI 2030,n,y,3.74,4.41,4.05,,4.066666667,Hach 2100P Turbidimeter,
kb,kbjki,50m,6/16/22,June,1,2022,11:55:00 AM,59.452352,-151.515064,n,0.57,5.9,24910,21,11.6,YSI 2030,n,y,25.4,25.2,27,,25.86666667,Hach 2100P Turbidimeter,
kb,kbjki,near,6/16/22,June,1,2022,,59.451013,-151.506025,y,0.67,6.7,21104,18.5,9.6,YSI 2030,n,y,9.29,9.11,10.8,,9.733333333,Hach 2100P Turbidimeter,
kb,kbjki,100m,7/15/22,July,1,2022,11:23:00 AM,59.451241,-151.515588,n,1.89,17.9,28890,25.6,10.3,YSI 2030,n,y,5.45,5.6,5.51,,5.52,Hach 2100P Turbidimeter,
kb,kbjki,50m,7/15/22,July,1,2022,10:31:00 AM,59.452352,-151.515064,n,2.07,20.8,22298,19.4,10.1,YSI 2030,n,y,24.4,23.1,24,,23.83333333,Hach 2100P Turbidimeter,
kb,kbjki,near,7/15/22,July,1,2022,10:10:00 AM,59.451013,-151.506025,y,1.99,18.9,12142,10,10.2,YSI 2030,n,y,43.3,46.8,42.1,,44.06666667,Hach 2100P Turbidimeter,
kb,kbjki,100m,8/13/22,August,1,2022,10:36:00 AM,59.451241,-151.515588,n,1.2,12.2,28641,25.5,10.3,YSI 2030,n,y,9.64,10.2,9.84,,9.893333333,Hach 2100P Turbidimeter,
kb,kbjki,50m,8/13/22,August,1,2022,10:32:00 AM,59.452352,-151.515064,n,1.3,12.8,27267,24,10.2,YSI 2030,n,y,35.4,31.7,33.4,,33.5,Hach 2100P Turbidimeter,
kb,kbjki,near,8/13/22,August,1,2022,9:40:00 AM,59.451013,-151.506025,y,1.05,11,28662,25.3,10.3,YSI 2030,n,y,8.49,8.03,8.16,,8.226666667,Hach 2100P Turbidimeter,
kb,kbjki,100m,9/9/22,September,1,2022,10:00:00 AM,59.451241,-151.515588,n,1.1,11.9,31369,27.1,11.2,YSI 2030,n,y,3.5,3.86,3.96,,3.773333333,Hach 2100P Turbidimeter,
kb,kbjki,50m,9/9/22,September,1,2022,9:45:00 AM,59.452352,-151.515064,n,1.14,12.4,31433,27.3,11.3,YSI 2030,n,y,6.31,6.54,6.56,,6.47,Hach 2100P Turbidimeter,
kb,kbjki,near,9/9/22,September,1,2022,8:15:00 AM,59.451013,-151.506025,y,2.85,29.4,26101,22.9,10.2,YSI 2030,n,y,17.4,17.9,16.1,,17.13333333,Hach 2100P Turbidimeter,
kb,kbtui,100m,3/31/21,April,1,2021,10:53:00 AM,59.421935,-151.307919,n,12.6,106.7,36.7,22,2.1,YSI 2030,n,y,7.5,6.73,7.44,,7.223333333,Hach 2100P Turbidimeter,
kb,kbtui,100m,3/31/21,April,5,2021,10:54:00 AM,59.421935,-151.307919,n,12.46,115.9,49.61,31.5,3.3,YSI 2030,n,n,,,,,,,
kb,kbtui,50m,3/31/21,April,1,2021,10:50:00 AM,59.422443,-151.306897,n,13.54,112.1,32.56,19.8,2.3,YSI 2030,n,y,9.96,10.1,10.1,,10.05333333,Hach 2100P Turbidimeter,
kb,kbtui,50m,3/31/21,April,5,2021,10:51:00 AM,59.422443,-151.306897,n,12.89,119.6,49.62,31.5,3.3,YSI 2030,n,n,,,,,,,
kb,kbtui,near,3/31/21,April,1,2021,12:00:00 AM,59.420369,-151.306006,y,12.21,,33.08,20.1,2.5,YSI 2030,n,y,22.8,25.3,25.6,,24.56666667,Hach 2100P Turbidimeter,
kb,kbtui,near,3/31/21,April,5,2021,12:00:00 AM,59.420369,-151.306006,y,14.15,,36.71,22.5,2.4,YSI 2030,n,n,,,,,,,
kb,kbtui,100m,4/30/21,May,1,2021,11:40:00 AM,59.421935,-151.307919,n,14.92,131.6,15316,15.4,4.6,YSI 2030,n,y,5.85,5.88,5.36,,5.696666667,Hach 2100P Turbidimeter,
kb,kbtui,100m,4/30/21,May,5,2021,11:41:00 AM,59.421935,-151.307919,n,15.43,147.9,29656,31,4.6,YSI 2030,n,n,,,,,,,
kb,kbtui,50m,4/30/21,May,1,2021,11:20:00 AM,59.422443,-151.306897,n,15.29,127.3,10551,11.7,4.4,YSI 2030,n,y,5.8,5.98,5.39,,5.723333333,Hach 2100P Turbidimeter,
kb,kbtui,50m,4/30/21,May,5,2021,11:22:00 AM,59.422443,-151.306897,n,16.38,157.5,29628,30.9,4.7,YSI 2030,n,n,,,,,,,
kb,kbtui,near,4/30/21,May,1,2021,12:00:00 AM,59.420369,-151.306006,y,14.45,,9918,9.5,4.2,YSI 2030,n,y,8.5,8.71,8.42,,8.543333333,Hach 2100P Turbidimeter,
kb,kbtui,near,4/30/21,May,5,2021,12:00:00 AM,59.420369,-151.306006,y,14.58,,12007,11.7,4.2,YSI 2030,n,n,,,,,,,
kb,kbtui,100m,5/29/21,June,1,2021,11:27:00 AM,59.421935,-151.307919,n,15.28,128.2,13598,21.4,5.4,YSI 2030,n,y,2.13,2.04,2.05,,2.073333333,Hach 2100P Turbidimeter,
kb,kbtui,100m,5/29/21,June,5,2021,11:27:00 AM,59.421935,-151.307919,n,13.83,135.4,30947,31.5,5.7,YSI 2030,n,n,,,,,,,
kb,kbtui,50m,5/29/21,June,1,2021,11:25:00 AM,59.422443,-151.306897,n,14.14,128.6,19077,18.8,5.4,YSI 2030,n,y,1.85,1.92,1.95,,1.906666667,Hach 2100P Turbidimeter,
kb,kbtui,50m,5/29/21,June,5,2021,11:25:00 AM,59.422443,-151.306897,n,14,137.3,31035,31.5,5.8,YSI 2030,n,n,,,,,,,
kb,kbtui,near,5/29/21,June,1,2021,12:00:00 AM,59.420369,-151.306006,y,14.53,,4731,4.3,4.5,YSI 2030,n,y,2.27,2.29,2.1,,2.22,Hach 2100P Turbidimeter,
kb,kbtui,near,5/29/21,June,5,2021,12:00:00 AM,59.420369,-151.306006,y,15.86,,4997,4.5,4.4,YSI 2030,n,n,,,,,,,
kb,kbtui,100m,6/23/21,July,1,2021,8:57:00 AM,59.421935,-151.307919,n,16.1,140.1,15167,16.6,6.5,YSI 2030,n,y,9.24,9.25,9.32,,9.27,Hach 2100P Turbidimeter,
kb,kbtui,100m,6/23/21,July,5,2021,8:58:00 AM,59.421935,-151.307919,n,14.5,149,32593,31.4,7.7,YSI 2030,n,n,,,,,,,
kb,kbtui,50m,6/23/21,July,1,2021,8:52:00 AM,59.422443,-151.306897,n,15.58,123.9,8861,8.2,5.5,YSI 2030,n,y,13.9,14.7,14.5,,14.36666667,Hach 2100P Turbidimeter,
kb,kbtui,50m,6/23/21,July,5,2021,8:54:00 AM,59.422443,-151.306897,n,14.45,147.7,32586,31.4,7.6,YSI 2030,n,n,,,,,,,
kb,kbtui,near,6/23/21,July,1,2021,12:00:00 AM,59.420369,-151.306006,y,16.35,,21466,20.1,7.2,YSI 2030,n,y,3.52,2.51,2.94,,2.99,Hach 2100P Turbidimeter,
kb,kbtui,near,6/23/21,July,5,2021,12:00:00 AM,59.420369,-151.306006,y,14.39,,28846,27.1,8.1,YSI 2030,n,n,,,,,,,
kb,kbtui,100m,7/26/21,August,1,2021,10:57:00 AM,59.421935,-151.307919,n,11.8,124.4,26484,22.6,11.3,YSI 2030,n,y,2.84,2.86,2.63,,2.776666667,Hach 2100P Turbidimeter,
kb,kbtui,100m,7/26/21,August,5,2021,10:58:00 AM,59.421935,-151.307919,n,12.69,136.8,34098,31,9.9,YSI 2030,n,n,,,,,,,
kb,kbtui,50m,7/26/21,August,1,2021,10:54:00 AM,59.422443,-151.306897,n,13.19,138,25243,21.4,11.3,YSI 2030,n,y,1.99,1.95,1.96,,1.966666667,Hach 2100P Turbidimeter,
kb,kbtui,50m,7/26/21,August,5,2021,10:55:00 AM,59.422443,-151.306897,n,13.21,142.6,34096,30.9,10,YSI 2030,n,n,,,,,,,
kb,kbtui,near,7/26/21,August,1,2021,9:45:00 AM,59.420369,-151.306006,y,13.17,,7719,6.5,7.7,YSI 2030,n,y,2.14,2.1,2.14,,2.126666667,Hach 2100P Turbidimeter,
kb,kbtui,near,7/26/21,August,5,2021,9:30:00 AM,59.420369,-151.306006,y,13.76,,15778,13.5,9.4,YSI 2030,n,n,,,,,,,
kb,kbtui,100m,8/20/21,September,1,2021,9:19:00 AM,59.421935,-151.307919,n,12.93,143.3,30784,25.7,12.8,YSI 2030,n,y,1.53,1.65,1.57,,1.583333333,Hach 2100P Turbidimeter,
kb,kbtui,100m,8/20/21,September,5,2021,9:19:00 AM,59.421935,-151.307919,n,12.61,138.3,34755,31,10.7,YSI 2030,n,n,,,,,,,
kb,kbtui,50m,8/20/21,September,1,2021,9:16:00 AM,59.422443,-151.306897,n,11.22,123.4,30793,26,12.3,YSI 2030,n,y,1.98,2.2,1.98,,2.053333333,Hach 2100P Turbidimeter,
kb,kbtui,50m,8/20/21,September,5,2021,9:16:00 AM,59.422443,-151.306897,n,11.81,129.8,34788,31,10.8,YSI 2030,n,n,,,,,,,
kb,kbtui,near,8/20/21,September,1,2021,7:00:00 AM,59.420369,-151.306006,y,12.48,,24661,20.5,12.1,YSI 2030,n,y,1.38,1.35,1.53,,1.42,Hach 2100P Turbidimeter,
kb,kbtui,near,8/20/21,September,5,2021,6:45:00 AM,59.420369,-151.306006,y,11.06,,29873,24.9,12.6,YSI 2030,n,n,,,,,,,
kb,kbtui,100m,9/20/21,October,1,2021,8:40:00 AM,59.421935,-151.307919,n,11.18,110.3,22246,19.6,9.5,YSI 2030,n,y,1.76,1.86,1.57,,1.73,Hach 2100P Turbidimeter,
kb,kbtui,50m,9/20/21,October,1,2021,8:39:00 AM,59.422443,-151.306897,n,11.07,115.6,27945,24.6,10.3,YSI 2030,n,y,2.64,2.86,2.88,,2.793333333,Hach 2100P Turbidimeter,
kb,kbtui,near,9/20/21,October,1,2021,8:30:00 AM,59.420369,-151.306006,y,9.16,,23958,21.1,9.7,YSI 2030,n,y,11.1,11.2,10.8,,11.03333333,Hach 2100P Turbidimeter,
kb,kbtui,100m,4/20/22,April,1,2022,12:26:00 PM,59.421935,-151.307919,n,1.07,9.7,16827,15.8,6.2,YSI 2030,n,y,1.73,1.92,1.86,,1.836666667,Hach 2100P Turbidimeter,
kb,kbtui,100m,4/20/22,April,5,2022,12:27:00 PM,59.421935,-151.307919,n,1.04,9.8,29266,30.9,4.3,YSI 2030,n,n,,,,,,,
kb,kbtui,50m,4/20/22,April,1,2022,12:20:00 PM,59.422443,-151.306897,n,1.27,11.2,21289,21.3,5.6,YSI 2030,n,y,1.38,1.4,1.46,,1.413333333,Hach 2100P Turbidimeter,
kb,kbtui,50m,4/20/22,April,5,2022,12:22:00 PM,59.422443,-151.306897,n,1.08,10.2,29313,30.9,4.3,YSI 2030,n,n,,,,,,,
kb,kbtui,near,4/20/22,April,1,2022,10:25:00 AM,59.420369,-151.306006,y,1.27,11.5,24309,24.8,4.4,YSI 2030,n,y,2.28,2.66,2.36,,2.433333333,Hach 2100P Turbidimeter,
kb,kbtui,100m,5/21/22,May,1,2022,1:54:00 PM,59.421935,-151.307919,n,2.05,19,20328,19.3,6.6,YSI 2030,n,y,2.28,2.08,2.07,,2.143333333,Hach 2100P Turbidimeter,
kb,kbtui,100m,5/21/22,May,5,2022,1:54:00 PM,59.421935,-151.307919,n,1.83,18.1,30624,30.6,6.2,YSI 2030,n,n,,,,,,,
kb,kbtui,50m,5/21/22,May,1,2022,1:50:00 PM,59.422443,-151.306897,n,2,18.2,23392,22.7,6.8,YSI 2030,n,y,2.06,2.14,2.12,,2.106666667,Hach 2100P Turbidimeter,
kb,kbtui,50m,5/21/22,May,5,2022,1:50:00 PM,59.422443,-151.306897,n,1.86,18.3,30595,30.6,6.2,YSI 2030,n,n,,,,,,,
kb,kbtui,near,5/21/22,May,1,2022,1:25:00 PM,59.420369,-151.306006,y,1.41,13.9,28739,28.2,6.6,YSI 2030,n,y,6.7,6.6,5.63,,6.31,Hach 2100P Turbidimeter,
kb,kbtui,100m,6/13/22,June,1,2022,1:54:00 PM,59.421935,-151.307919,n,0.82,7.9,20638,19.5,8.5,YSI 2030,n,y,3.5,3.3,3.62,,3.473333333,Hach 2100P Turbidimeter,
kb,kbtui,100m,6/13/22,June,5,2022,1:54:00 PM,59.421935,-151.307919,n,0.75,7.8,32374,30.4,8.6,YSI 2030,n,n,,,,,,,
kb,kbtui,50m,6/13/22,June,1,2022,1:50:00 PM,59.422443,-151.306897,n,1.1,10.5,22408,20.3,8.7,YSI 2030,n,y,2.56,2.52,2.76,,2.613333333,Hach 2100P Turbidimeter,
kb,kbtui,50m,6/13/22,June,5,2022,1:50:00 PM,59.422443,-151.306897,n,0.8,8.3,32416,30.5,8.5,YSI 2030,n,n,,,,,,,
kb,kbtui,near,6/13/22,June,1,2022,1:25:00 PM,59.420369,-151.306006,y,0.79,7.9,25463,23,9.1,YSI 2030,n,y,3.38,5.24,3.68,,4.1,Hach 2100P Turbidimeter,
kb,kbtui,100m,7/16/22,July,1,2022,11:25:00 AM,59.421935,-151.307919,n,1.66,14.7,15511,13.2,7.5,YSI 2030,n,y,9.35,10.8,9.45,,9.866666667,Hach 2100P Turbidimeter,
kb,kbtui,100m,7/16/22,July,5,2022,11:25:00 AM,59.421935,-151.307919,n,1.37,14.2,32430,30.2,8.3,YSI 2030,n,n,,,,,,,
kb,kbtui,50m,7/16/22,July,1,2022,11:31:00 AM,59.422443,-151.306897,n,1.51,14.8,24495,22.5,8.2,YSI 2030,n,y,15.9,15.2,15.4,,15.5,Hach 2100P Turbidimeter,
kb,kbtui,50m,7/16/22,July,5,2022,11:31:00 AM,59.422443,-151.306897,n,1.4,14.5,32437,30.7,8.3,YSI 2030,n,n,,,,,,,
kb,kbtui,near,7/16/22,July,1,2022,10:10:00 AM,59.420369,-151.306006,y,1.73,17.9,30361,28.3,8.6,YSI 2030,n,y,27.3,28.7,29.4,,28.46666667,Hach 2100P Turbidimeter,
kb,kbtui,100m,8/14/22,August,1,2022,11:05:00 AM,59.421935,-151.307919,n,1.29,12.5,16781,14.7,8.6,YSI 2030,n,y,6.09,6.3,6.27,,6.22,Hach 2100P Turbidimeter,
kb,kbtui,100m,8/14/22,August,5,2022,11:05:00 AM,59.421935,-151.307919,n,1.16,12.6,33560,30.1,10.3,YSI 2030,n,n,,,,,,,
kb,kbtui,50m,8/14/22,August,1,2022,11:00:00 AM,59.422443,-151.306897,n,2.85,23.3,25318,23.1,10.2,YSI 2030,n,y,5.97,5.98,6.4,,6.116666667,Hach 2100P Turbidimeter,
kb,kbtui,50m,8/14/22,August,5,2022,11:00:00 AM,59.422443,-151.306897,n,1.4,14.9,33562,30.1,10.3,YSI 2030,n,n,,,,,,,
kb,kbtui,near,8/14/22,August,1,2022,10:05:00 AM,59.420369,-151.306006,y,1.59,14.3,11485,10,7.9,YSI 2030,n,y,9.79,12.4,12.3,,11.49666667,Hach 2100P Turbidimeter,
kb,kbtui,100m,9/10/22,September,1,2022,10:00:00 AM,59.421935,-151.307919,n,1.2,11.6,18757,20,9.9,YSI 2030,n,y,14.6,16.8,15.2,,15.53333333,Hach 2100P Turbidimeter,
kb,kbtui,100m,9/10/22,September,5,2022,10:00:00 AM,59.421935,-151.307919,n,1.05,11.5,32005,27.4,11.8,YSI 2030,n,n,,,,,,,
kb,kbtui,50m,9/10/22,September,1,2022,9:56:00 AM,59.422443,-151.306897,n,1.67,16.7,19110,16.8,9.7,YSI 2030,n,y,4.52,4.01,4.27,,4.266666667,Hach 2100P Turbidimeter,
kb,kbtui,50m,9/10/22,September,5,2022,9:56:00 AM,59.422443,-151.306897,n,1.92,12.6,31822,27.4,11.7,YSI 2030,n,n,,,,,,,
kb,kbtui,near,9/10/22,September,1,2022,8:00:00 AM,59.420369,-151.306006,y,3.58,36.6,20192,17.7,9.3,YSI 2030,n,y,9.02,9.4,9.5,,9.306666667,Hach 2100P Turbidimeter,
kb,kbwsi,100m,4/2/21,April,1,2021,1:50:00 AM,59.555373,-151.366496,n,11.51,106.4,50.1,31.8,3,YSI 2030,n,y,7.48,7.73,7.41,,7.54,Hach 2100P Turbidimeter,
kb,kbwsi,50m,4/2/21,April,1,2021,1:47:00 AM,59.555376,-151.366581,n,12.03,108.7,49.9,31.2,3.1,YSI 2030,n,y,12.5,13.2,12.6,,12.76666667,Hach 2100P Turbidimeter,
kb,kbwsi,near,4/2/21,April,1,2021,12:00:00 AM,59.555479,-151.368604,y,12.73,,46.35,29.2,3.2,YSI 2030,n,y,70.1,68.8,69.7,,69.53333333,Hach 2100P Turbidimeter,
kb,kbwsi,near,4/2/21,April,5,2021,12:00:00 AM,59.555479,-151.368604,y,11.93,,42.06,26.5,3.2,YSI 2030,n,n,,,,,,,
kb,kbwsi,100m,5/2/21,May,1,2021,2:26:00 AM,59.555373,-151.366496,n,13.7,136.3,29711,31,4.7,YSI 2030,n,y,1.25,1.16,1.35,,1.253333333,Hach 2100P Turbidimeter,
kb,kbwsi,50m,5/2/21,May,1,2021,2:23:00 AM,59.555376,-151.366581,n,13.11,125.6,29929,31.2,4.7,YSI 2030,n,y,1.63,1.58,1.58,,1.596666667,Hach 2100P Turbidimeter,
kb,kbwsi,near,5/2/21,May,1,2021,12:00:00 AM,59.555479,-151.368604,y,15.03,,29787,31.1,4.7,YSI 2030,n,y,3.49,3.46,3.33,,3.426666667,Hach 2100P Turbidimeter,
kb,kbwsi,100m,5/27/21,June,1,2021,10:38:00 AM,59.555373,-151.366496,n,13.27,127.8,21186,4.4,7.2,YSI 2030,n,y,60.8,6.53,6.26,,24.53,Hach 2100P Turbidimeter,
kb,kbwsi,50m,5/27/21,June,1,2021,10:19:00 AM,59.555376,-151.366581,n,12.3,119.4,21082,18.9,8.6,YSI 2030,n,y,71.6,70.1,65.1,,68.93333333,Hach 2100P Turbidimeter,
kb,kbwsi,near,5/27/21,June,1,2021,12:00:00 AM,59.555479,-151.368604,y,11.04,,30643,30.4,6.5,YSI 2030,n,y,159,172,151,,160.6666667,Hach 2100P Turbidimeter,
kb,kbwsi,near,5/27/21,June,5,2021,12:00:00 AM,59.555479,-151.368604,y,12.26,,30471,30.4,6.2,YSI 2030,n,n,,,,,,,
kb,kbwsi,100m,6/25/21,July,1,2021,10:34:00 AM,59.555373,-151.366496,n,12.09,118.7,26554,25.2,8.4,YSI 2030,n,y,173,171,168,,170.6666667,Hach 2100P Turbidimeter,
kb,kbwsi,50m,6/25/21,July,1,2021,10:32:00 AM,59.555376,-151.366581,n,12.08,121.8,29205,27.5,8,YSI 2030,n,y,243,243,239,,241.6666667,Hach 2100P Turbidimeter,
kb,kbwsi,near,6/25/21,July,0.5,2021,12:00:00 AM,59.555479,-151.368604,y,10.61,,12677,11.1,8.1,YSI 2030,n,y,196,190,195,,193.6666667,Hach 2100P Turbidimeter,
kb,kbwsi,near,6/25/21,July,1,2021,12:00:00 AM,59.555479,-151.368604,y,10.73,,25251,23.6,7.8,YSI 2030,n,n,,,,,,,
kb,kbwsi,100m,7/24/21,August,1,2021,10:44:00 AM,59.555373,-151.366496,n,,,17461,15.2,9.2,YSI 2030,n,y,120,119,121,,120,Hach 2100P Turbidimeter,
kb,kbwsi,50m,7/24/21,August,1,2021,10:30:00 AM,59.555376,-151.366581,n,12.22,116,16803,14.7,8.9,YSI 2030,n,y,283,281,276,,280,Hach 2100P Turbidimeter,
kb,kbwsi,near,7/24/21,August,,2021,8:45:00 AM,59.555479,-151.368604,y,9.81,,26015,23.2,9.6,YSI 2030,n,y,615,625,623,,621,Hach 2100P Turbidimeter,
kb,kbwsi,near,7/24/21,August,0.5,2021,8:30:00 AM,59.555479,-151.368604,y,11.12,,24446,21.7,9.6,YSI 2030,n,n,,,,,,,
kb,kbwsi,100m,8/21/21,September,1,2021,10:01:00 AM,59.555373,-151.366496,n,8.69,95.4,33205,29,11.4,YSI 2030,n,y,54.5,55.4,54.9,,54.93333333,Hach 2100P Turbidimeter,
kb,kbwsi,50m,8/21/21,September,1,2021,9:57:00 AM,59.555376,-151.366581,n,8.67,95.1,33181,28.8,11.6,YSI 2030,n,y,29.8,30.2,30,,30,Hach 2100P Turbidimeter,
kb,kbwsi,near,8/21/21,September,1,2021,7:45:00 AM,59.555479,-151.368604,y,10.97,,28346,24.6,10.9,YSI 2030,n,y,629,639,643,,637,Hach 2100P Turbidimeter,
kb,kbwsi,near,8/21/21,September,0.5,2021,7:45:00 AM,59.555479,-151.368604,y,11.15,,28347,24.6,10.9,YSI 2030,n,n,,,,,,,
kb,kbwsi,100m,9/19/21,October,1,2021,5:03:00 AM,59.555373,-151.366496,n,8.25,89.6,33531,29.9,10.6,YSI 2030,n,y,1.76,2.17,1.81,,1.913333333,Hach 2100P Turbidimeter,
kb,kbwsi,50m,9/19/21,October,1,2021,5:02:00 AM,59.555376,-151.366581,n,7.88,85.7,33584,29.9,10.7,YSI 2030,n,y,1.13,1.15,1.22,,1.166666667,Hach 2100P Turbidimeter,
kb,kbwsi,near,9/19/21,October,1,2021,8:15:00 AM,59.555479,-151.368604,y,9.21,,31941,28.7,10.2,YSI 2030,n,y,125,124,124,,124.3333333,Hach 2100P Turbidimeter,
kb,kbwsi,100m,4/18/22,April,1,2022,11:30:00 AM,59.555373,-151.366496,n,1.41,13.3,2605,26.8,4.8,YSI 2030,n,y,2.15,2.39,2.11,,2.216666667,Hach 2100P Turbidimeter,
kb,kbwsi,50m,4/18/22,April,1,2022,10:14:00 AM,59.555376,-151.366581,n,1.7,16,27479,28.3,4.8,YSI 2030,n,y,46.1,46.9,48.6,,47.2,Hach 2100P Turbidimeter,
kb,kbwsi,near,4/18/22,April,1,2022,11:44:00 AM,59.555479,-151.368604,y,1.56,14.2,19421,18.6,6.2,YSI 2030,n,y,33.1,32,30.3,,31.8,Hach 2100P Turbidimeter,
kb,kbwsi,100m,5/20/22,May,1,2022,1:45:00 PM,59.555373,-151.366496,n,1.79,17.9,21861,19.9,8.2,YSI 2030,n,y,5.14,6.57,5.1,,5.603333333,Hach 2100P Turbidimeter,
kb,kbwsi,100m,5/20/22,May,5,2022,1:45:00 PM,59.555373,-151.366496,n,1.7,17.1,31000,30.2,7.1,YSI 2030,n,n,,,,,,,
kb,kbwsi,50m,5/20/22,May,1,2022,1:40:00 PM,59.555376,-151.366581,n,1.94,19.4,25135,23,8.8,YSI 2030,n,y,8.32,8.35,8.65,,8.44,Hach 2100P Turbidimeter,
kb,kbwsi,near,5/20/22,May,1,2022,12:20:00 PM,59.555479,-151.368604,y,1.87,18.1,22184,20.2,8.3,YSI 2030,n,y,29.3,29,29.5,,29.26666667,Hach 2100P Turbidimeter,
kb,kbwsi,100m,6/15/22,June,1,2022,10:16:00 AM,59.555373,-151.366496,n,0.74,7.3,20202,17.2,10.3,YSI 2030,n,y,69.6,71.5,69.9,,70.33333333,Hach 2100P Turbidimeter,
kb,kbwsi,50m,6/15/22,June,1,2022,9:53:00 AM,59.555376,-151.366581,n,0.77,7.6,18038,15.3,10.1,YSI 2030,n,y,94,92.7,95.3,,94,Hach 2100P Turbidimeter,
kb,kbwsi,near,6/15/22,June,1,2022,9:50:00 AM,59.555479,-151.368604,y,0.64,6.6,26278,22.8,10.7,YSI 2030,n,y,35.1,34.3,34.9,,34.76666667,Hach 2100P Turbidimeter,
kb,kbwsi,100m,7/14/22,July,1,2022,11:41:00 AM,59.555373,-151.366496,n,2,21.3,21744,15.8,9.7,YSI 2030,n,y,112,113,112,,112.3333333,Hach 2100P Turbidimeter,
kb,kbwsi,50m,7/14/22,July,1,2022,9:34:00 AM,59.555376,-151.366581,n,2.19,21.6,23354,21.1,8.8,YSI 2030,n,y,1965,1944,1923,,1944,Hach 2100P Turbidimeter,
kb,kbwsi,near,7/14/22,July,1,2022,9:15:00 AM,59.555479,-151.368604,y,2.48,21.9,7258,6.1,8.2,YSI 2030,n,y,834,845,848,,842.3333333,Hach 2100P Turbidimeter,
kb,kbwsi,100m,8/12/22,August,1,2022,10:48:00 AM,59.555373,-151.366496,n,1.81,16.5,26578,22.9,11.2,YSI 2030,n,y,189,191,177,,185.6666667,Hach 2100P Turbidimeter,
kb,kbwsi,50m,8/12/22,August,1,2022,10:46:00 AM,59.555376,-151.366581,n,1.45,14.4,14855,15.4,9.9,YSI 2030,n,y,478,476,474,,476,Hach 2100P Turbidimeter,
kb,kbwsi,near,8/12/22,August,1,2022,9:42:00 AM,59.555479,-151.368604,y,2.37,24.3,22038,18.5,11.2,YSI 2030,n,y,142,142,140,,141.3333333,Hach 2100P Turbidimeter,
kb,kbwsi,100m,9/8/22,September,1,2022,10:15:00 AM,59.555373,-151.366496,n,1.55,16.1,26668,22.4,11.5,YSI 2030,n,y,82.9,83.4,80,,82.1,Hach 2100P Turbidimeter,
kb,kbwsi,50m,9/8/22,September,1,2022,10:12:00 AM,59.555376,-151.366581,n,2.17,20.6,23558,20.1,10.7,YSI 2030,n,y,161,158,159,,159.3333333,Hach 2100P Turbidimeter,
kb,kbwsi,near,9/8/22,September,1,2022,8:10:00 AM,59.555479,-151.368604,y,4.04,40.4,21482,18.6,10.1,YSI 2030,n,y,1162,1142,1120,,1141.333333,Hach 2100P Turbidimeter,