Step2.tibble_sample_id,Step2.tibble_Hash,Step2.tibble_nReads
kbg422s131,f7e3adbeff07c41ffad9206ea68e8840,2346
kbg422s1NC,f7e3adbeff07c41ffad9206ea68e8840,10819
kbh422s113,f7e3adbeff07c41ffad9206ea68e8840,5968
kbj422s113,f7e3adbeff07c41ffad9206ea68e8840,6451
kbw422s341,f7e3adbeff07c41ffad9206ea68e8840,4332
kbw422s511,f7e3adbeff07c41ffad9206ea68e8840,23062
kbw422s512,f7e3adbeff07c41ffad9206ea68e8840,3050
kbg422s321,0bef97a2e309fb5af3c48dd48e126e53,29508
kbg422s341,0bef97a2e309fb5af3c48dd48e126e53,22608
kbg922s331,0bef97a2e309fb5af3c48dd48e126e53,442
kbh422s311,0bef97a2e309fb5af3c48dd48e126e53,191572
kbh422s312,0bef97a2e309fb5af3c48dd48e126e53,155555
kbh422s313,0bef97a2e309fb5af3c48dd48e126e53,149289
kbh422s321,0bef97a2e309fb5af3c48dd48e126e53,92736
kbh422s331,0bef97a2e309fb5af3c48dd48e126e53,248501
kbh422s341,0bef97a2e309fb5af3c48dd48e126e53,7322
kbh922s342,0bef97a2e309fb5af3c48dd48e126e53,1499
kbj422s341,0bef97a2e309fb5af3c48dd48e126e53,36351
kbj922s311,0bef97a2e309fb5af3c48dd48e126e53,1945
kbj922s312,0bef97a2e309fb5af3c48dd48e126e53,1667
kbj922s332,0bef97a2e309fb5af3c48dd48e126e53,274
kbt422s321,0bef97a2e309fb5af3c48dd48e126e53,64070
kbt922s311,0bef97a2e309fb5af3c48dd48e126e53,10814
kbt922s312,0bef97a2e309fb5af3c48dd48e126e53,1861
kbt922s342,0bef97a2e309fb5af3c48dd48e126e53,2605
kbw422s311,0bef97a2e309fb5af3c48dd48e126e53,255
kbw422s312,0bef97a2e309fb5af3c48dd48e126e53,45495
kbw422s313,0bef97a2e309fb5af3c48dd48e126e53,31828
kbw422s331,0bef97a2e309fb5af3c48dd48e126e53,89114
kbw422s341,0bef97a2e309fb5af3c48dd48e126e53,4035
kbg922s331,9eb653f8fc07d2340455c99c78984919,3709
kbg922s341,9eb653f8fc07d2340455c99c78984919,23426
kbg922s342,9eb653f8fc07d2340455c99c78984919,2497
kbh922s312,9eb653f8fc07d2340455c99c78984919,1494
kbh922s322,9eb653f8fc07d2340455c99c78984919,262
kbh922s342,9eb653f8fc07d2340455c99c78984919,1098
kbj922s311,9eb653f8fc07d2340455c99c78984919,18775
kbj922s312,9eb653f8fc07d2340455c99c78984919,10982
kbj922s332,9eb653f8fc07d2340455c99c78984919,25529
kbj922s342,9eb653f8fc07d2340455c99c78984919,995
kbt922s311,9eb653f8fc07d2340455c99c78984919,142341
kbt922s312,9eb653f8fc07d2340455c99c78984919,66197
kbt922s321,9eb653f8fc07d2340455c99c78984919,46186
kbt922s331,9eb653f8fc07d2340455c99c78984919,31648
kbt922s332,9eb653f8fc07d2340455c99c78984919,51100
kbt922s341,9eb653f8fc07d2340455c99c78984919,5640
kbt922s342,9eb653f8fc07d2340455c99c78984919,13018
kbw922s312,9eb653f8fc07d2340455c99c78984919,3819
kbw922s321,9eb653f8fc07d2340455c99c78984919,706
kbw922s322,9eb653f8fc07d2340455c99c78984919,2399
kbw922s332,9eb653f8fc07d2340455c99c78984919,8986
kbw922s342,9eb653f8fc07d2340455c99c78984919,859
kbg422s131,a41445da40af99ae213ca46e8cbf3479,3129
kbg422s511,a41445da40af99ae213ca46e8cbf3479,15465
kbg422s521,a41445da40af99ae213ca46e8cbf3479,23239
kbg422s531,a41445da40af99ae213ca46e8cbf3479,70501
kbg422s541,a41445da40af99ae213ca46e8cbf3479,3819
kbg922s311,a41445da40af99ae213ca46e8cbf3479,1920
kbg922s312,a41445da40af99ae213ca46e8cbf3479,98
kbg922s331,a41445da40af99ae213ca46e8cbf3479,401
kbg922s341,a41445da40af99ae213ca46e8cbf3479,35279
kbh422s141,a41445da40af99ae213ca46e8cbf3479,1114
kbh422s531,a41445da40af99ae213ca46e8cbf3479,3580
kbh922s311,a41445da40af99ae213ca46e8cbf3479,3559
kbh922s312,a41445da40af99ae213ca46e8cbf3479,54
kbh922s322,a41445da40af99ae213ca46e8cbf3479,937
kbh922s331,a41445da40af99ae213ca46e8cbf3479,1057
kbj422s141,a41445da40af99ae213ca46e8cbf3479,7348
kbj422s511,a41445da40af99ae213ca46e8cbf3479,22293
kbj422s512,a41445da40af99ae213ca46e8cbf3479,4161
kbj422s513,a41445da40af99ae213ca46e8cbf3479,4886
kbj422s521,a41445da40af99ae213ca46e8cbf3479,13183
kbj422s531,a41445da40af99ae213ca46e8cbf3479,6446
kbj422s541,a41445da40af99ae213ca46e8cbf3479,6020
kbj922s312,a41445da40af99ae213ca46e8cbf3479,139
kbj922s341,a41445da40af99ae213ca46e8cbf3479,13629
kbt422s112,a41445da40af99ae213ca46e8cbf3479,75751
kbt422s121,a41445da40af99ae213ca46e8cbf3479,9659
kbt422s131,a41445da40af99ae213ca46e8cbf3479,2099
kbt422s141,a41445da40af99ae213ca46e8cbf3479,9500
kbt422s1NC,a41445da40af99ae213ca46e8cbf3479,17130
kbt422s513,a41445da40af99ae213ca46e8cbf3479,18342
kbt922s311,a41445da40af99ae213ca46e8cbf3479,3773
kbt922s321,a41445da40af99ae213ca46e8cbf3479,2767
kbt922s331,a41445da40af99ae213ca46e8cbf3479,4773
kbt922s332,a41445da40af99ae213ca46e8cbf3479,87
kbw422s111,a41445da40af99ae213ca46e8cbf3479,1171
kbw422s112,a41445da40af99ae213ca46e8cbf3479,4424
kbw422s141,a41445da40af99ae213ca46e8cbf3479,19244
kbw922s321,a41445da40af99ae213ca46e8cbf3479,2301
kbw922s332,a41445da40af99ae213ca46e8cbf3479,1175
kbw922s341,a41445da40af99ae213ca46e8cbf3479,179
kbw922s342,a41445da40af99ae213ca46e8cbf3479,2754
kbw422s131,2a710e68a60b375a53a1720d3fe6a9b7,488138
kbw422s311,2a710e68a60b375a53a1720d3fe6a9b7,52
kbj422s111,b33507582222c1d4c2be9a1ca830ad8a,60117
kbj422s141,b33507582222c1d4c2be9a1ca830ad8a,2152
kbw422s311,b33507582222c1d4c2be9a1ca830ad8a,102
kbw422s312,b33507582222c1d4c2be9a1ca830ad8a,9348
kbh922s342,373cf56bf02b9f1e431f37cebfa6bb5c,1586
kbj422s341,373cf56bf02b9f1e431f37cebfa6bb5c,10869
kbj422s512,373cf56bf02b9f1e431f37cebfa6bb5c,3421
kbj422s521,373cf56bf02b9f1e431f37cebfa6bb5c,3497
kbj422s531,373cf56bf02b9f1e431f37cebfa6bb5c,6401
kbj922s311,373cf56bf02b9f1e431f37cebfa6bb5c,46638
kbj922s312,373cf56bf02b9f1e431f37cebfa6bb5c,35563
kbj922s332,373cf56bf02b9f1e431f37cebfa6bb5c,19645
kbj922s342,373cf56bf02b9f1e431f37cebfa6bb5c,6562
kbt422s141,373cf56bf02b9f1e431f37cebfa6bb5c,4168
kbt922s311,373cf56bf02b9f1e431f37cebfa6bb5c,20057
kbw922s312,373cf56bf02b9f1e431f37cebfa6bb5c,12493
kbw922s332,373cf56bf02b9f1e431f37cebfa6bb5c,58
kbh422s531,ebc52de9c7f19677ce83ac48efe4bb57,15804
kbt922s311,ebc52de9c7f19677ce83ac48efe4bb57,207
kbw422s311,ebc52de9c7f19677ce83ac48efe4bb57,446
kbg422s121,b189e417627d898b6e477d1df634f9d8,15397
kbg922s311,b189e417627d898b6e477d1df634f9d8,3695
kbg922s331,b189e417627d898b6e477d1df634f9d8,773
kbh922s311,b189e417627d898b6e477d1df634f9d8,5040
kbh922s322,b189e417627d898b6e477d1df634f9d8,199
kbt922s311,b189e417627d898b6e477d1df634f9d8,11841
kbt922s312,b189e417627d898b6e477d1df634f9d8,3126
kbt922s321,b189e417627d898b6e477d1df634f9d8,427
kbt922s331,b189e417627d898b6e477d1df634f9d8,9391
kbt922s332,b189e417627d898b6e477d1df634f9d8,7567
kbt922s341,b189e417627d898b6e477d1df634f9d8,1062
kbt922s342,b189e417627d898b6e477d1df634f9d8,9211
kbw922s341,b189e417627d898b6e477d1df634f9d8,94
kbw922s342,b189e417627d898b6e477d1df634f9d8,1180
kbg922s331,d6f96e5bf4b7b245b288f5e05738d1af,548
kbh922s341,d6f96e5bf4b7b245b288f5e05738d1af,1930
kbw922s341,d6f96e5bf4b7b245b288f5e05738d1af,332
kbw922s342,d6f96e5bf4b7b245b288f5e05738d1af,2747
kbg922s311,9627bb4781de362de245da19349a4207,2969
kbg922s312,9627bb4781de362de245da19349a4207,676
kbg922s331,9627bb4781de362de245da19349a4207,433
kbh422s341,9627bb4781de362de245da19349a4207,143
kbh922s322,9627bb4781de362de245da19349a4207,176
kbh922s341,9627bb4781de362de245da19349a4207,5739
kbh922s342,9627bb4781de362de245da19349a4207,828
kbt922s332,9627bb4781de362de245da19349a4207,326
kbw922s312,9627bb4781de362de245da19349a4207,687
kbw922s321,9627bb4781de362de245da19349a4207,24
kbw922s332,9627bb4781de362de245da19349a4207,2154
kbw922s341,9627bb4781de362de245da19349a4207,353
kbw922s342,9627bb4781de362de245da19349a4207,7916
kbg422s521,5cc9c634c441079aca6cf9bdfe61b13f,2065
kbg922s331,5cc9c634c441079aca6cf9bdfe61b13f,273
kbh422s511,5cc9c634c441079aca6cf9bdfe61b13f,27908
kbh922s312,5cc9c634c441079aca6cf9bdfe61b13f,838
kbj422s112,5cc9c634c441079aca6cf9bdfe61b13f,1558
kbj422s131,5cc9c634c441079aca6cf9bdfe61b13f,9885
kbj422s141,5cc9c634c441079aca6cf9bdfe61b13f,2997
kbj422s512,5cc9c634c441079aca6cf9bdfe61b13f,3242
kbj422s521,5cc9c634c441079aca6cf9bdfe61b13f,1048
kbj922s341,5cc9c634c441079aca6cf9bdfe61b13f,2309
kbt422s121,5cc9c634c441079aca6cf9bdfe61b13f,3025
kbt422s131,5cc9c634c441079aca6cf9bdfe61b13f,5609
kbt422s141,5cc9c634c441079aca6cf9bdfe61b13f,1734
kbw422s111,5cc9c634c441079aca6cf9bdfe61b13f,191
kbw422s121,5cc9c634c441079aca6cf9bdfe61b13f,30091
kbw922s342,5cc9c634c441079aca6cf9bdfe61b13f,894
kbh422s521,0814b7fc903e9359a3a44d8bac2428a7,137957
kbj922s332,0814b7fc903e9359a3a44d8bac2428a7,364
kbh422s311,d375a714bebfff2179e8faf6c395da4c,1282
kbh922s342,d375a714bebfff2179e8faf6c395da4c,313
kbj422s341,d375a714bebfff2179e8faf6c395da4c,3250
kbj422s541,d375a714bebfff2179e8faf6c395da4c,6474
kbj922s311,d375a714bebfff2179e8faf6c395da4c,22147
kbj922s312,d375a714bebfff2179e8faf6c395da4c,16739
kbj922s332,d375a714bebfff2179e8faf6c395da4c,17754
kbj922s342,d375a714bebfff2179e8faf6c395da4c,331
kbt922s311,d375a714bebfff2179e8faf6c395da4c,9271
kbw922s312,d375a714bebfff2179e8faf6c395da4c,4186
kbw922s332,d375a714bebfff2179e8faf6c395da4c,4174
kbw922s341,d375a714bebfff2179e8faf6c395da4c,134
kbj922s311,82d197a201524ad70dba9581c6b0b2eb,7547
kbj922s312,82d197a201524ad70dba9581c6b0b2eb,7287
kbj922s332,82d197a201524ad70dba9581c6b0b2eb,4109
kbw922s312,82d197a201524ad70dba9581c6b0b2eb,1846
kbh922s341,69e22b0c513be416156648ef853cf26b,4847
kbj922s311,69e22b0c513be416156648ef853cf26b,155
kbg922s311,1b7278eea35362c7b291b09060f89f8b,864
kbj922s341,1b7278eea35362c7b291b09060f89f8b,63
kbt922s331,1b7278eea35362c7b291b09060f89f8b,117
kbw422s131,1b7278eea35362c7b291b09060f89f8b,59
kbw422s312,1b7278eea35362c7b291b09060f89f8b,32301
kbw422s313,1b7278eea35362c7b291b09060f89f8b,16486
kbw922s312,1b7278eea35362c7b291b09060f89f8b,793
kbh922s341,8d669564a4474a68763018b50e95e155,4187
kbj422s341,8d669564a4474a68763018b50e95e155,2861
kbj922s311,8d669564a4474a68763018b50e95e155,9228
kbj922s312,8d669564a4474a68763018b50e95e155,5940
kbj922s332,8d669564a4474a68763018b50e95e155,5099
kbj922s341,8d669564a4474a68763018b50e95e155,274
kbj922s342,8d669564a4474a68763018b50e95e155,15842
kbt922s311,8d669564a4474a68763018b50e95e155,2723
kbt922s331,8d669564a4474a68763018b50e95e155,631
kbw922s312,8d669564a4474a68763018b50e95e155,1415
kbw922s332,8d669564a4474a68763018b50e95e155,1827
kbh422s531,299048dc7270729c57ca559454cfecc4,2462
kbg922s331,8f9b4d277ca201a72728f4695877ebe2,185
kbj922s311,8f9b4d277ca201a72728f4695877ebe2,11492
kbj922s312,8f9b4d277ca201a72728f4695877ebe2,5947
kbj922s332,8f9b4d277ca201a72728f4695877ebe2,5576
kbt922s311,8f9b4d277ca201a72728f4695877ebe2,5710
kbt922s321,8f9b4d277ca201a72728f4695877ebe2,1144
kbw422s312,8f9b4d277ca201a72728f4695877ebe2,13284
kbw422s341,8f9b4d277ca201a72728f4695877ebe2,3851
kbw922s312,8f9b4d277ca201a72728f4695877ebe2,1043
kbw922s332,8f9b4d277ca201a72728f4695877ebe2,1524
kbg922s321,1886074b8d13158732f9a28244721a3a,29050
kbg922s341,1886074b8d13158732f9a28244721a3a,19348
kbj922s312,1886074b8d13158732f9a28244721a3a,761
kbj922s341,1886074b8d13158732f9a28244721a3a,1046
kbt922s331,1886074b8d13158732f9a28244721a3a,682
kbt922s342,1886074b8d13158732f9a28244721a3a,1027
kbg922s312,dd4773a290c8ec2be79b501b8e7298ca,1752
kbg922s331,dd4773a290c8ec2be79b501b8e7298ca,1230
kbh922s322,dd4773a290c8ec2be79b501b8e7298ca,669
kbh922s342,dd4773a290c8ec2be79b501b8e7298ca,794
kbt922s311,3c85314978da4e4cd3ff0cb1338d9d55,2055
kbg922s311,fc4aa16810635452d278a21b350bbc5a,1484
kbh922s322,fc4aa16810635452d278a21b350bbc5a,516
kbj922s311,fc4aa16810635452d278a21b350bbc5a,3408
kbj922s312,fc4aa16810635452d278a21b350bbc5a,7199
kbj922s332,fc4aa16810635452d278a21b350bbc5a,1638
kbj922s342,fc4aa16810635452d278a21b350bbc5a,960
kbt922s311,fc4aa16810635452d278a21b350bbc5a,9678
kbt922s312,fc4aa16810635452d278a21b350bbc5a,1040
kbw922s332,fc4aa16810635452d278a21b350bbc5a,1201
kbh922s342,a9fd6fca151879171c192acacbfcbf5c,2035
kbj922s311,a9fd6fca151879171c192acacbfcbf5c,11156
kbj922s312,a9fd6fca151879171c192acacbfcbf5c,2791
kbj922s332,a9fd6fca151879171c192acacbfcbf5c,1415
kbj922s341,a9fd6fca151879171c192acacbfcbf5c,314
kbj922s342,a9fd6fca151879171c192acacbfcbf5c,912
kbt922s311,a9fd6fca151879171c192acacbfcbf5c,4969
kbt922s312,a9fd6fca151879171c192acacbfcbf5c,141
kbt922s321,a9fd6fca151879171c192acacbfcbf5c,77
kbt922s341,a9fd6fca151879171c192acacbfcbf5c,6674
kbw922s312,a9fd6fca151879171c192acacbfcbf5c,1680
kbg422s321,ded1d2ffc96d8590176f327f9d52512e,1112
kbh422s311,ded1d2ffc96d8590176f327f9d52512e,4764
kbh422s312,ded1d2ffc96d8590176f327f9d52512e,3725
kbh422s313,ded1d2ffc96d8590176f327f9d52512e,3617
kbh422s321,ded1d2ffc96d8590176f327f9d52512e,2440
kbh422s331,ded1d2ffc96d8590176f327f9d52512e,6662
kbh922s322,ded1d2ffc96d8590176f327f9d52512e,94
kbt422s321,ded1d2ffc96d8590176f327f9d52512e,2393
kbw422s313,ded1d2ffc96d8590176f327f9d52512e,1152
kbw422s331,ded1d2ffc96d8590176f327f9d52512e,3145
kbg922s312,0ce4f90e1194bf2752d6039cbe7e71de,41
kbg922s321,0ce4f90e1194bf2752d6039cbe7e71de,15397
kbj922s341,0ce4f90e1194bf2752d6039cbe7e71de,212
kbj922s342,0ce4f90e1194bf2752d6039cbe7e71de,4621
kbw422s311,0324308243749e4a651a6821b7fea53d,205
kbw422s313,0324308243749e4a651a6821b7fea53d,24452
kbg922s312,aa74e24621dfbb345b0e188ca40b3ce8,1634
kbg922s331,aa74e24621dfbb345b0e188ca40b3ce8,1069
kbh922s322,aa74e24621dfbb345b0e188ca40b3ce8,27
kbj922s311,aa74e24621dfbb345b0e188ca40b3ce8,1772
kbj922s312,aa74e24621dfbb345b0e188ca40b3ce8,908
kbj922s332,aa74e24621dfbb345b0e188ca40b3ce8,5690
kbj922s341,aa74e24621dfbb345b0e188ca40b3ce8,148
kbt922s311,aa74e24621dfbb345b0e188ca40b3ce8,894
kbw922s312,aa74e24621dfbb345b0e188ca40b3ce8,936
kbw922s342,aa74e24621dfbb345b0e188ca40b3ce8,1283
kbw422s331,f63f1dbf324cfcaa0f8a73d9cec9bdfd,14549
kbw922s332,06a906affbc5a1682dc417805a3a793e,827
kbt922s331,ee4661f20cb28d16cab7e26077f67277,522
kbj922s332,1be077282edd4af7389ac2501be56187,1557
kbt922s311,1be077282edd4af7389ac2501be56187,4215
kbt922s312,1be077282edd4af7389ac2501be56187,644
kbt922s331,1be077282edd4af7389ac2501be56187,1250
kbw922s312,1be077282edd4af7389ac2501be56187,488
kbj922s312,b488a799cb78c275db3b62e0fa04e354,404
kbj922s332,b488a799cb78c275db3b62e0fa04e354,641
kbt922s312,b488a799cb78c275db3b62e0fa04e354,133
kbh422s131,31bf5b448ff44644087dc16f9c65132e,9977
kbh422s312,31bf5b448ff44644087dc16f9c65132e,4497
kbj922s341,31bf5b448ff44644087dc16f9c65132e,99
kbj922s342,31bf5b448ff44644087dc16f9c65132e,2740
kbt922s342,31bf5b448ff44644087dc16f9c65132e,5628
kbw422s131,31bf5b448ff44644087dc16f9c65132e,224
kbg922s311,7cac3fd6e6d382c1aba3ad0b7bf4b83f,23
kbg922s312,7cac3fd6e6d382c1aba3ad0b7bf4b83f,351
kbh922s311,7cac3fd6e6d382c1aba3ad0b7bf4b83f,8951
kbj922s312,7cac3fd6e6d382c1aba3ad0b7bf4b83f,189
kbj922s332,7cac3fd6e6d382c1aba3ad0b7bf4b83f,505
kbj922s342,7cac3fd6e6d382c1aba3ad0b7bf4b83f,670
kbt922s311,7cac3fd6e6d382c1aba3ad0b7bf4b83f,11
kbw922s312,7cac3fd6e6d382c1aba3ad0b7bf4b83f,377
kbw922s332,7cac3fd6e6d382c1aba3ad0b7bf4b83f,3319
kbw922s341,7cac3fd6e6d382c1aba3ad0b7bf4b83f,111
kbw922s342,7cac3fd6e6d382c1aba3ad0b7bf4b83f,2600
kbj422s111,598dc1dd95f289d8da8e014fe628733a,20235
kbg422s511,cdb2b74fdcfd4ad7018010cd53047d89,19827
kbj422s341,cdb2b74fdcfd4ad7018010cd53047d89,344
kbg422s121,8e866a8d10aaffbe8ffaa8b555ec0afd,16450
kbw422s111,8e866a8d10aaffbe8ffaa8b555ec0afd,462
kbw922s342,8e866a8d10aaffbe8ffaa8b555ec0afd,551
kbg422s511,8df007d87980ecfc1774c21ae30654e2,298
kbg922s331,8df007d87980ecfc1774c21ae30654e2,702
kbh922s342,8df007d87980ecfc1774c21ae30654e2,2031
kbt422s1NC,8df007d87980ecfc1774c21ae30654e2,4714
kbt922s332,8df007d87980ecfc1774c21ae30654e2,1553
kbw422s313,8df007d87980ecfc1774c21ae30654e2,1034
kbw922s342,8df007d87980ecfc1774c21ae30654e2,639
kbg922s311,1d5ff0828f9e9df8a846ac957454bfdd,2701
kbg922s331,eeac70cb85dc5b863a4869a1228e70b6,345
kbh922s312,bdb5369c4bd696cdaf5dde7afda1f39b,8691
kbw922s322,bdb5369c4bd696cdaf5dde7afda1f39b,2999
kbh422s113,297549f21dd8c7de5bac1e64a77cb860,16506
kbg922s331,1df5539d06419a3a69684dedd37adbfd,653
kbg922s312,9ee61a6ee242f30cf4589d6a65a27db1,733
kbh922s322,05bd9b5534f9f22cf34bcdff39787f7e,2057
kbt922s342,05bd9b5534f9f22cf34bcdff39787f7e,5995
kbg922s331,c29f757a85c7c6de0c97756088fcf510,608
kbh922s312,c29f757a85c7c6de0c97756088fcf510,1619
kbh922s342,c29f757a85c7c6de0c97756088fcf510,1398
kbj922s312,c29f757a85c7c6de0c97756088fcf510,2842
kbj922s332,c29f757a85c7c6de0c97756088fcf510,1488
kbt922s311,c29f757a85c7c6de0c97756088fcf510,822
kbt922s312,c29f757a85c7c6de0c97756088fcf510,273
kbw922s312,c29f757a85c7c6de0c97756088fcf510,718
kbg422s121,a2037cb1608caee7fb3ffdb7579680f4,12264
kbw422s313,cf538bb5c019807f02a54ac8193c52c3,702
kbw422s541,cf538bb5c019807f02a54ac8193c52c3,219
kbw922s332,cf538bb5c019807f02a54ac8193c52c3,2536
kbt922s331,61495cb89acdc807780159703cf801cb,398
kbw422s121,61495cb89acdc807780159703cf801cb,10745
kbw922s341,61495cb89acdc807780159703cf801cb,219
kbg422s511,e1073b74cb64bac02ce442c0b97269f4,12543
kbh922s312,e1073b74cb64bac02ce442c0b97269f4,170
kbh922s322,e1073b74cb64bac02ce442c0b97269f4,489
kbw922s321,e1073b74cb64bac02ce442c0b97269f4,987
kbg922s311,2aa88c20386d4c7475aeecb664f63541,1102
kbg922s312,2aa88c20386d4c7475aeecb664f63541,595
kbj422s512,2aa88c20386d4c7475aeecb664f63541,533
kbj922s342,2aa88c20386d4c7475aeecb664f63541,1359
kbw922s322,2aa88c20386d4c7475aeecb664f63541,5155
kbj422s111,fe239ac3955a5ea1130838539327f1ea,13577
kbg922s312,8c4cc7b589bb51a002c800f93154c28f,318
kbh922s312,8c4cc7b589bb51a002c800f93154c28f,5940
kbj922s342,8c4cc7b589bb51a002c800f93154c28f,1447
kbt422s141,8c4cc7b589bb51a002c800f93154c28f,292
kbg922s312,b32791d2b106bac04b0923dc4b367486,473
kbh922s322,b32791d2b106bac04b0923dc4b367486,1170
kbj922s342,ffc5ec15dd22039f4f5e57d047c914d1,1627
kbw922s332,ffc5ec15dd22039f4f5e57d047c914d1,143
kbg922s341,1fb38b322875897c45a1c2aecf371287,12242
kbg922s331,7dbd63c3016d061fca34fba08b136964,66
kbw922s341,7dbd63c3016d061fca34fba08b136964,137
kbg422s521,2ff1006639451533598343b610a8464a,5351
kbj922s342,2ff1006639451533598343b610a8464a,4458
kbw922s312,2ff1006639451533598343b610a8464a,809
kbg922s311,fc1d92143fd6436d3f0ed8c102e0c976,543
kbg922s312,fc1d92143fd6436d3f0ed8c102e0c976,93
kbg922s312,fe6d55f4914404c36ae1b169e821c493,655
kbt922s342,fe6d55f4914404c36ae1b169e821c493,1728
kbw922s322,fe6d55f4914404c36ae1b169e821c493,6207
kbg422s321,500d137a6acfd3850d7cd0eced9f4200,11473
kbg922s331,68c667d1c0c8f8264dc012fef3d44916,611
kbj922s311,68c667d1c0c8f8264dc012fef3d44916,2593
kbj922s332,68c667d1c0c8f8264dc012fef3d44916,1411
kbj922s341,68c667d1c0c8f8264dc012fef3d44916,304
kbj922s342,68c667d1c0c8f8264dc012fef3d44916,3692
kbt922s311,68c667d1c0c8f8264dc012fef3d44916,1369
kbt922s321,68c667d1c0c8f8264dc012fef3d44916,459
kbt922s332,68c667d1c0c8f8264dc012fef3d44916,229
kbw922s312,68c667d1c0c8f8264dc012fef3d44916,288
kbh922s311,bad7c993e5d437c5439390e3aaf957d0,3156
kbt922s331,bad7c993e5d437c5439390e3aaf957d0,1132
kbt922s332,bad7c993e5d437c5439390e3aaf957d0,1516
kbw922s312,bad7c993e5d437c5439390e3aaf957d0,1175
kbg422s531,6f7c0de9cab8608557eb0862b28c82d7,9780
kbg922s311,c73890135da956255656369700ce064c,353
kbg922s312,c73890135da956255656369700ce064c,457
kbh422s113,c73890135da956255656369700ce064c,528
kbh922s311,c73890135da956255656369700ce064c,7417
kbj922s342,c73890135da956255656369700ce064c,183
kbw422s331,c73890135da956255656369700ce064c,846
kbh922s341,2d2439a679061b43425803a4119586c1,9193
kbw922s312,2d2439a679061b43425803a4119586c1,1179
kbg422s512,0ab69a7a6acdb82e829c3e93ec1ef1bc,2614
kbg422s1NC,4a17b59adaf8eedfe89b616d5bf9bd71,406
kbg922s312,4a17b59adaf8eedfe89b616d5bf9bd71,363
kbg922s311,95cd660c57f1b44dc38d655c408b3742,701
kbt422s121,95cd660c57f1b44dc38d655c408b3742,5869
kbg922s312,8b25472329683878bc47afc02648e61f,250
kbj922s342,8b25472329683878bc47afc02648e61f,887
kbw922s332,8b25472329683878bc47afc02648e61f,2031
kbj922s341,c4e523117605c3a18b5b88c4bfc58563,19
kbw922s341,c4e523117605c3a18b5b88c4bfc58563,240
kbh922s311,b3498b4e6cd125bbd846eb89850a04a0,8277
kbg922s331,d2c7e86570a5efdc2df6b7076088d5ea,860
kbt922s332,d2c7e86570a5efdc2df6b7076088d5ea,364
kbj922s342,2f9f38a3b91b6800b08ea0d567e20634,425
kbh922s341,370b301d2b29e0672f4bd87452d1590a,3005
kbh922s342,370b301d2b29e0672f4bd87452d1590a,1880
kbw922s332,370b301d2b29e0672f4bd87452d1590a,3209
kbj922s332,2e7e7af4d73795879a48fa2f4db00826,528
kbt922s342,2e7e7af4d73795879a48fa2f4db00826,8014
kbw422s112,186c64611308ecc1ca6b4c3a7935489a,6356
kbg922s311,5e4d2863909b9c04abe94028650456e7,1024
kbh922s312,5e4d2863909b9c04abe94028650456e7,400
kbt422s341,5e4d2863909b9c04abe94028650456e7,1174
kbw922s312,5e4d2863909b9c04abe94028650456e7,2724
kbw422s312,f9c9ddd53a2dd584cf8f1b279d93837c,218
kbg922s312,2fb2b8f9a1e92e19342e2c3f1508887c,228
kbh422s113,2fb2b8f9a1e92e19342e2c3f1508887c,172
kbw422s313,2fb2b8f9a1e92e19342e2c3f1508887c,621
kbj922s342,973e85beee1c19ad146e3afe90d5386d,3766
kbw922s342,4e4898d65347c07c034f0a5b0cf66b5a,6194
kbh922s341,3c2a7104c55375a152086b8481177f24,7969
kbt922s311,9c991c9470223b04bb27289cd2e193e6,3110
kbt922s312,9c991c9470223b04bb27289cd2e193e6,561
kbt922s321,9c991c9470223b04bb27289cd2e193e6,1506
kbt922s331,9c991c9470223b04bb27289cd2e193e6,457
kbg922s312,fb47b91b83d4b358807610e1e0ec1b78,106
kbw422s313,fb47b91b83d4b358807610e1e0ec1b78,1123
kbh922s311,5d709c11b306aac1fd2b1ad47d50f7bb,7823
kbg922s312,bbfbd48b5468066f8273b8222e2b93c2,613
kbg922s312,29a498effa517bb6479c4c1a12f19991,592
kbj922s341,b66bcd47330fca036f287a6a6f0e6bcb,2064
kbt922s321,b66bcd47330fca036f287a6a6f0e6bcb,4061
kbt922s331,b66bcd47330fca036f287a6a6f0e6bcb,450
kbt922s341,b66bcd47330fca036f287a6a6f0e6bcb,1025
kbg422s541,483b80dab798db3622e1abcbd58932ed,7568
kbg922s311,613bd2c603c332f97c15c7cfebf8c949,969
kbw422s541,4bc57ff4684d819ad5750637321037e8,7320
kbw422s541,70f655d721c6079b34d2c40ce21941a3,7233
kbh922s341,78502482cc9b0a21c062c9fec96aa87e,5416
kbt922s332,78502482cc9b0a21c062c9fec96aa87e,744
kbh922s331,298fedb7e3baf6cc7108ee44bf2255ad,6984
kbh922s341,7ae25d03e448fef224b83f0956ca3a14,6898
kbj422s541,92aec29adc1c35ab11fe9d0b8caf93cb,3058
kbt422s112,92aec29adc1c35ab11fe9d0b8caf93cb,1505
kbt422s121,92aec29adc1c35ab11fe9d0b8caf93cb,311
kbh922s331,82ce40ee4d7d7dffa4cc222949eb8325,6810
kbg922s311,82ad7825072694fde094e7b3dfe46523,615
kbh922s341,82ad7825072694fde094e7b3dfe46523,4447
kbw922s342,82ad7825072694fde094e7b3dfe46523,197
kbw922s332,f0e59da0b5c0cc3e464b0375f4c853b9,3763
kbg922s311,e068b14d8148f55b2f00369bf6cfdf1e,426
kbw422s511,e068b14d8148f55b2f00369bf6cfdf1e,1700
kbw922s312,e068b14d8148f55b2f00369bf6cfdf1e,183
kbw922s342,e068b14d8148f55b2f00369bf6cfdf1e,717
kbh422s511,fba4511573fcf48e820eef5b489638c1,5412
kbg922s311,56c5810eeeabe1b9613bca9a94d41e8e,758
kbg922s312,56c5810eeeabe1b9613bca9a94d41e8e,416
kbh922s312,56c5810eeeabe1b9613bca9a94d41e8e,3234
kbw922s312,56c5810eeeabe1b9613bca9a94d41e8e,1140
kbh922s311,1bedb1bde212b8f851b5aaad78c53676,5973
kbj922s312,093cbb97253cb6ed3ff426ac2bcaa5cb,92
kbj922s332,093cbb97253cb6ed3ff426ac2bcaa5cb,2592
kbj922s341,093cbb97253cb6ed3ff426ac2bcaa5cb,15
kbj922s342,093cbb97253cb6ed3ff426ac2bcaa5cb,512
kbt922s311,093cbb97253cb6ed3ff426ac2bcaa5cb,2133
kbt922s312,093cbb97253cb6ed3ff426ac2bcaa5cb,392
kbg922s311,218fdd1767215b8be07489639589c26b,444
kbw422s312,218fdd1767215b8be07489639589c26b,645
kbw922s342,218fdd1767215b8be07489639589c26b,406
kbg922s312,bbf5d96c9ced0c22aff1e26a1f187a53,397
kbh922s341,bbf5d96c9ced0c22aff1e26a1f187a53,5335
kbw422s331,d3a8a4b0864998a11438ddabba13310b,5715
kbh922s322,fb9cd65f41d795cd52c606cf3f9ae41b,1231
kbj922s332,fb9cd65f41d795cd52c606cf3f9ae41b,626
kbw922s312,fb9cd65f41d795cd52c606cf3f9ae41b,210
kbh922s341,ed56844abae8a215fb1aafbe4bb3e3bf,5478
kbh922s312,7cc0742233bf2b9445e3a9fb6d381e0d,260
kbw922s321,7cc0742233bf2b9445e3a9fb6d381e0d,1943
kbw922s342,7cc0742233bf2b9445e3a9fb6d381e0d,3233
kbh922s322,b73a27a7c8f0d178ba6bb58b162a360e,621
kbw422s512,b73a27a7c8f0d178ba6bb58b162a360e,548
kbg422s531,399b0c450a513b44ed4e490e2f16ca1c,4859
kbt422s513,22f5802b311fd9a2ff26290a94b3488b,4787
kbw922s312,e3c90b93d1d2c708cb50deea0f803156,627
kbw922s332,e3c90b93d1d2c708cb50deea0f803156,2665
kbt922s342,1480a4de79b8a1309eb3a86be4ec1b1b,4747
kbh922s312,eccf1bf588f6bd82e6c0ea71b012c4e5,4677
kbh922s311,af5f2fbecb6152cf62390ebd058bd643,4548
kbh922s311,238a18ebc5c55c833166827de287425d,4529
kbh422s521,b23ac4b6510972551acce78b82a6e49d,4505
kbj922s312,9474f96421e9131268e79fd9b1fe4bec,889
kbj922s332,9474f96421e9131268e79fd9b1fe4bec,1215
kbw922s312,9474f96421e9131268e79fd9b1fe4bec,629
kbw922s332,f4e6568daff8143545e6d33674dd6ca1,3680
kbg422s531,c4dd6f3a2df6fb4992b90a6a43d609a6,346
kbt422s112,c4dd6f3a2df6fb4992b90a6a43d609a6,1346
kbw422s141,c4dd6f3a2df6fb4992b90a6a43d609a6,178
kbh922s342,773e099ab6edac4d678bdf2ba643bb65,874
kbg922s322,5a6c8915c1851ac9b43e33686323f662,3983
kbg922s331,5a6c8915c1851ac9b43e33686323f662,265
kbg922s331,2d6f016c70103deba4c20afc9828b463,797
kbh922s322,2d6f016c70103deba4c20afc9828b463,672
kbw922s342,2d6f016c70103deba4c20afc9828b463,518
kbh422s331,b70859451d09ab64818c90e067bd29b7,3562
kbt422s321,b70859451d09ab64818c90e067bd29b7,486
kbj422s521,c781c45a1c66901ea8eb65e82703278b,4045
kbt422s141,76f2d23fde0670219d5028b42847407a,3952
kbj922s341,efa4d3480733e0ae4bc550d78f33bc21,184
kbw422s112,efa4d3480733e0ae4bc550d78f33bc21,3032
kbt922s312,9563941ce4db4b5a15c57819f4945451,3047
kbt922s321,9563941ce4db4b5a15c57819f4945451,784
kbg422s121,6bcd4d8947677e8d58b06d3ee284ab0f,3824
kbh922s312,656d6df403b56aeb315951e29a974423,3792
kbg922s312,b7fb7ac419e8f0dd6bf0f17e3237b943,143
kbj922s342,b7fb7ac419e8f0dd6bf0f17e3237b943,1519
kbw922s332,b7fb7ac419e8f0dd6bf0f17e3237b943,2103
kbg922s312,7ba306668d5c2a5c4d180b989bd28eee,242
kbh922s342,7ba306668d5c2a5c4d180b989bd28eee,2007
kbw922s321,7864b6319fa47505adb59d71ba3c8f46,849
kbw422s312,c669304317bdf9c2fe6091f9e9f691f2,508
kbw922s342,c669304317bdf9c2fe6091f9e9f691f2,3203
kbj922s342,36635c37c602e6734d9057816283e962,3599
kbj922s342,8c7c908d7f5868d22e01df2958d5f1b7,2222
kbw922s332,f9f4a06440cac372e2f74b55cc8ab0a6,1477
kbg922s331,8ef89acd01912a5f132e0bf08c1c221c,2596
kbh922s311,ea99099de4cf18efba9675d91e816b1e,3321
kbg922s331,5dd35ec224a8dcc66621bb3e4c4ce138,416
kbh922s331,5dd35ec224a8dcc66621bb3e4c4ce138,215
kbg922s311,37f4290f0d095cdceeb47317acab54a6,477
kbw922s342,37f4290f0d095cdceeb47317acab54a6,2774
kbg922s312,d5718cdff16821411069cc8fc506e687,554
kbj922s312,d5718cdff16821411069cc8fc506e687,1376
kbw922s342,8afa9bef6318c59cdaf263b9f795861c,3212
kbw922s332,c658424fda6b9f83799ee88e06d27ae7,718
kbt922s312,6d1a724ee12856d95d318b7745b972c2,537
kbw922s332,ae5db149e315fec7b53d162f44e80567,3186
kbh922s341,038ad75367730f74a1b0c307b456e1e5,1588
kbw422s331,4fea60a5b00f03a8cac5a67a73e6cf43,3058
kbt422s112,ed95f855883594bf936b3de80a46acee,2128
kbt422s121,ed95f855883594bf936b3de80a46acee,898
kbt922s342,8d7369a0e2a42f6485ecaea7809507a1,3003
kbh422s113,e85fee1c4fea4c1917c69e1a4296eb6a,2773
kbw422s331,a569f1a0072f38717a642dfa040fc210,2766
kbg922s312,da5cd41cfbb64d790a6d37d6f92c049a,615
kbw422s331,0529e63ee97079a6249d5dddbf467821,2693
kbw922s332,56487f9aa02d36ea63338500d0848f4b,2691
kbw922s342,6fa659ba939fbcdac9f0ef1aed2c58e1,2659
kbh422s331,9f8c0d2615f76b3ba41c025e8aab2dde,909
kbw422s331,9f8c0d2615f76b3ba41c025e8aab2dde,631
kbh422s311,de977d9c7ecb0c68dce0f3b4458868b2,455
kbh422s312,de977d9c7ecb0c68dce0f3b4458868b2,361
kbh422s313,de977d9c7ecb0c68dce0f3b4458868b2,407
kbh422s321,de977d9c7ecb0c68dce0f3b4458868b2,236
kbh422s331,de977d9c7ecb0c68dce0f3b4458868b2,561
kbw422s312,de977d9c7ecb0c68dce0f3b4458868b2,330
kbw422s331,de977d9c7ecb0c68dce0f3b4458868b2,188
kbw922s342,5681d5ea1d82af8d1b8f24fe5c9f9a3b,2536
kbj422s512,b2953b1d61960ab976221ea789aec275,2517
kbt922s311,5271a32223559a022e48a72b4703c608,2509
kbg922s311,a2014500cdc063b19ce183826220d5c2,506
kbg922s312,a2014500cdc063b19ce183826220d5c2,359
kbw922s312,a2014500cdc063b19ce183826220d5c2,759
kbg922s312,ba838ea92e34b65b7da1c04ddc3e38d0,798
kbg922s331,ba838ea92e34b65b7da1c04ddc3e38d0,1703
kbw922s322,7059d1551b5623ecc4c90ee42d27e280,2477
kbj922s311,5bd4b5faed3e4272dd1ff3e15cdee3e4,1207
kbj922s342,5bd4b5faed3e4272dd1ff3e15cdee3e4,576
kbt922s311,5bd4b5faed3e4272dd1ff3e15cdee3e4,683
kbw922s332,bb1b8c6c943573c0c8ca195199904242,2466
kbw922s332,3259a245fcc24c65d35b9b1819465aa7,865
kbg922s312,ff6e15203fc4d6e97d69db8459e91f45,139
kbh922s311,c1e029b9fe077fcf9f34aa3364720274,392
kbj922s311,972a64d72b310475e7f7d03fd88f16e6,802
kbj922s312,972a64d72b310475e7f7d03fd88f16e6,537
kbt922s311,972a64d72b310475e7f7d03fd88f16e6,384
kbt422s1NC,0fb8b597155340bb3b98368633af3800,2376
kbw922s342,857bdfae0cff26a15114029dcbde272e,2367
kbw922s342,fdbd1ab4d5962df6ca298b39c4e62424,2305
kbw922s342,79678fbd9b0339a126cd24f3f728a7d2,2291
kbj922s311,8ef8da9e914e825ec1fe68d45295bafe,431
kbt922s311,8ef8da9e914e825ec1fe68d45295bafe,237
kbg922s312,f2ed68fb947a729861a7f002ee34c408,1325
kbw922s342,7b27c9644dd7b3480854b9d8127620ed,2253
kbg422s511,23c432357614bdb7056fc561a7402805,195
kbg422s531,23c432357614bdb7056fc561a7402805,626
kbh922s322,23c432357614bdb7056fc561a7402805,154
kbt422s121,23c432357614bdb7056fc561a7402805,127
kbw922s322,ffb8ff1956510400681218301c9fe9ab,2118
kbw422s131,371488dc6323d216552308fc5cd3037e,2115
kbw922s332,4ff10dcda679c8251db22c5819edd443,2054
kbj922s342,09d04f0f1dbe1ceaffa12350cd00951b,2044
kbh922s312,7a868a5c3b0c8a0c0aae884615ffeb4d,278
kbj922s341,7a868a5c3b0c8a0c0aae884615ffeb4d,46
kbw922s321,7a868a5c3b0c8a0c0aae884615ffeb4d,1693
kbw422s141,75550709d2ecfb3084a908cd3171455e,290
kbw922s332,737548af715d2e483db5809f7f6fdfaf,1999
kbj422s512,da6be522470b7978a76f20e3608055b4,173
kbw422s541,da6be522470b7978a76f20e3608055b4,330
kbw922s322,5c7d0613ac3bab57cd27cad72564c81a,1953
kbh922s312,362bb945598d14716d3f88903a10bb35,1790
kbw922s332,c0cef974c689619d18c6036a84bb1e25,1940
kbw922s312,fdb4ed76ff5b068104e6fdfedb4faf5a,1904
kbh422s312,e656beec056d7f6713800a71ab7417f4,413
kbh422s331,e656beec056d7f6713800a71ab7417f4,998
kbw422s331,e656beec056d7f6713800a71ab7417f4,476
kbw922s332,33d3745484fd687496698e01e0cca0c9,1896
kbw922s322,6f7bedcce2137b73ff52ba581f384aa0,1890
kbj922s311,ff084ed838e238c8d1890d0161376490,1215
kbt922s311,ff084ed838e238c8d1890d0161376490,635
kbw422s131,7ad77c8ba635c415f1571261da780051,1271
kbw922s332,7ad77c8ba635c415f1571261da780051,368
kbw922s332,03ac0c4cc9f92f1736e3e7b0cf176268,1843
kbg922s321,ed7672a105a59845b755ace50d2c9842,1842
kbw422s131,6637886463ecb548b8414604c1e0b9ad,1832
kbw922s322,2bbb02ce75dd3f055b8486dc62344228,1800
kbg922s311,8604d48167bba60ce6a648524bd1d7dd,683
kbj922s342,2b9c1ef7bbbc61f99e407eb917d7c4d0,461
kbh922s322,a3510c750b89391bae23b2a71fc38fa2,817
kbj922s341,a3510c750b89391bae23b2a71fc38fa2,124
kbw922s321,a3510c750b89391bae23b2a71fc38fa2,241
kbg922s311,b14c6585fb699098c2cf827cd65c9138,1731
kbw922s332,ca555771346283938338b0184aaf04a5,1729
kbh922s312,f9e65449ccf6ba18fae94fc23644d556,261
kbj922s341,f9e65449ccf6ba18fae94fc23644d556,708
kbt922s331,f9e65449ccf6ba18fae94fc23644d556,69
kbw922s321,f9e65449ccf6ba18fae94fc23644d556,543
kbg922s312,1b40c5958435bc29b5b6fe92b4d24edf,394
kbh922s322,1b40c5958435bc29b5b6fe92b4d24edf,1091
kbw922s341,1b40c5958435bc29b5b6fe92b4d24edf,210
kbw922s322,48aeb214383b1b7f293f412acdf7fbc4,1689
kbt922s321,9489a4ae67c00601f0a67d04482ccec7,1674
kbw922s332,07d8f18dcd89a3ef385b3b4afce5f50f,1661
kbh922s312,2d3d83cb85fb4cbb466d56df248b0eb0,1655
kbg922s331,95a0de339290082e4bbb2b361d727358,85
kbt922s342,95a0de339290082e4bbb2b361d727358,339
kbg422s1NC,9eeb01eb12a77b6214f1ea1efa4a0633,353
kbg922s311,9eeb01eb12a77b6214f1ea1efa4a0633,491
kbh922s311,9eeb01eb12a77b6214f1ea1efa4a0633,403
kbh922s322,9eeb01eb12a77b6214f1ea1efa4a0633,353
kbg422s511,34d37bb850e84db4135028949e911023,583
kbj922s311,9b86cf6b3d0491aae37ec90742c9649e,1055
kbt922s311,9b86cf6b3d0491aae37ec90742c9649e,510
kbg422s121,031835c99b1a86b88d1855dc30992ba7,1136
kbw922s332,06b88d9fd2b55becf6aab985c2eb7b55,1537
kbg922s312,69a09dc27b883fc52afbd25133b43ab0,338
kbj922s341,69a09dc27b883fc52afbd25133b43ab0,102
kbw922s332,69a09dc27b883fc52afbd25133b43ab0,1096
kbw422s312,d4115e4b6354b94403c943c02a3e85ed,1535
kbw922s332,bd56f9bcfccc44f8de3f0af7a51845e7,1505
kbg922s311,757dae1e7b2ab57bd20d4ce711549362,884
kbh922s342,ec68e2d7dea285fe132b34ad82f5793e,1474
kbh422s311,2ab2af2540fe4aca3b3013dde415374e,815
kbh422s313,2ab2af2540fe4aca3b3013dde415374e,647
kbw922s341,9d64a1d3b9e3a0a39569cb0262b2bafe,87
kbt922s311,dccfd7c8aa7aa3941269aa3f5d678ad6,1293
kbt922s321,dccfd7c8aa7aa3941269aa3f5d678ad6,118
kbj922s312,d6dc83ca9d44bc1f1c4e4393182118f6,1408
kbw422s312,d7cbd6390be3d3839df3f783a4bce5c5,1377
kbw422s131,c03d8021ed9cf97f2a9b884244ae14cd,1374
kbw922s332,83c65522786f319756a9ab54e5c8fd45,1364
kbh422s521,71bc68d77c3e43fc62fd30ab5cf0fab6,1334
kbg922s311,f380110555c088bf332f4a5177d83418,1053
kbj922s341,d75093b6d7a64bd8ca1b3dc7dea6adc7,134
kbw422s313,6567fe9ef3c02048488eceb94842e709,1321
kbh922s341,fc167d714b7246d574645ca0c4acc0e2,347
kbg922s312,3ea04d23c45ec2bd47c8b8947c6f109e,348
kbg922s331,55c2869718bad59d22a48229b0e1787c,199
kbw922s341,c8787002456f04cb84553c2a7b19b6c8,265
kbt922s331,986286968f276f01b9c3beabbe16c979,1271
kbg922s311,c0b8c89965446c67e16b41483ed7263f,719
kbh422s113,c0b8c89965446c67e16b41483ed7263f,545
kbw922s341,021c7e403878b18edb8adee2df13e092,227
kbw922s312,9c698a520ae6a2c4fd52d63047443e47,1203
kbw922s322,5e1f994bb29c621747ea35dd27ba9f52,1188
kbw422s313,0631764a0e1367a237389d03724368eb,229
kbw422s313,2db03c4ffd9859f55da6eb4c8fe3e452,1176
kbw422s111,54c9933979244ae4f760155581aefc0a,491
kbw922s332,54c9933979244ae4f760155581aefc0a,680
kbh922s322,5ff9cee7e71533ae1a5001bbb6fc064f,1166
kbw922s312,a653e11e42856de528a4d409262a4338,949
kbh922s342,c0a3928ad4ab0fb76c8eb39382a536e1,1151
kbg922s331,daf7bc833a9186ab36864cb18564e1ad,1144
kbg922s331,11c2a957e4ab97e0a47663494e3b954c,1129
kbg922s331,0586f8e033c0ddddfc39ab805f85d8a9,246
kbt922s331,0586f8e033c0ddddfc39ab805f85d8a9,870
kbt422s321,98ccab08649506a6f20cdd195b27b228,1116
kbg922s311,ea41f01907ac2c7e1fdc3ab7ee831890,1113
kbt922s311,23466fda78fe9a9b0b7ecf466b8754d2,720
kbt922s331,23466fda78fe9a9b0b7ecf466b8754d2,389
kbj922s311,d0b5bfb4634d634ae6ba9be7ebf80798,699
kbt922s311,d0b5bfb4634d634ae6ba9be7ebf80798,370
kbt922s311,4832f3a9f74d18809ba3161cc5e52184,1069
kbg922s312,01c84b994ca1a4270a81e1320006d604,321
kbg922s341,4879a1bb4ebccd0f90eba0d8a8b0c794,1038
kbg922s312,191c1496c5c4680351b762fa71df097c,1025
kbw922s332,2648afdd45ad92b42f7eb7fd38e13cd2,1015
kbt922s311,ec650133baefd2eee65d4f48f614a4ab,1004
kbw922s312,6344d5842be0f23df589a355869d727e,984
kbw922s312,d789e04d11c5b66cf282a282970d5591,980
kbw422s311,c9bbc66219d030e8cb32166976ba888e,260
kbg922s311,8031f6e1bb02be9b9cc3eb3dc8afed8e,967
kbh922s312,fdcc4fd41b64c3d0cb94389167f177ff,959
kbj422s512,62dff04680bdd4881eb1ad3d5249800a,953
kbt922s311,317977858d3e370ef6e22b4b2a09bebe,946
kbw922s332,065714e35578650295a4bcf481991ce1,946
kbh922s342,3390e1aba89fafe1ce719b9c1842b5f4,942
kbw922s341,786b4481321061f021e8e39c7a99ed8d,300
kbj922s342,7e6b75919c7c47b6a13af4ec3cf3bb1a,934
kbt922s311,8b13283fff6e217f639fd81ed69de0da,932
kbt422s341,b9b02ec02c52e816e4fa268662bb8521,930
kbg922s311,cb9fee66dca33254a8dcbb36c8a07f11,924
kbj922s342,099ec23ef5d1d98cb7cde3849e9b485a,903
kbw922s312,92a6df9e21a72dd60235d670a2dec3a3,900
kbg922s311,cf488634f53087381ff4c8de1e2c748d,897
kbw922s342,5aa5fa856ac067410d8eed46590ca2a8,894
kbg922s311,f52ab1e4ee9e63575d7510343d0d00c4,892
kbg922s312,027b97cea62f2141f292d96f6b4ee48d,886
kbg922s341,669176e18de75af81702af3ce893bb7d,886
kbh922s341,aeffbb3cf926d9ff3ae7bb388c621293,884
kbt922s311,d433e2288993d3c68fc3aff32f02fb86,877
kbw922s342,473b5a11cef84ba7964f625cd9ff04f6,860
kbg922s311,4d10a7c118cb23f68127be175e6b3bca,848
kbh422s113,92ec3dcc9f5457c5accfd2f63dc6ebe8,846
kbw922s332,1334fc25b407dc8589a994bc523209b0,839
kbh922s322,96e5c13416f632efb63acc461d931a66,832
kbh422s521,c9dc48810f88f05f4dbdc5fe4eeabefa,829
kbt922s331,045d3fbf045122d2751d8b788f29a2d0,820
kbj922s332,552f7d585131f6925eedbc0215115e8e,816
kbg922s312,c936d421c0f83dcb8b6dc2723604e930,529
kbh922s322,02a4c50d2333c2d6807bec5a4dcbf51c,809
kbh922s322,40a5b74b8da3f9157f7cc107ed8b825b,808
kbj922s311,e1887f43b0c236ff4d967b92535f4755,527
kbt922s311,e1887f43b0c236ff4d967b92535f4755,280
kbj922s311,cfaafe217a5cc4621a999624813d6eae,536
kbt922s311,cfaafe217a5cc4621a999624813d6eae,268
kbg422s521,19e23b208cdc1c0a750afa55872900a6,124
kbj922s311,91f00a826ea34891d45b1f4734b4e5f2,479
kbt922s311,91f00a826ea34891d45b1f4734b4e5f2,305
kbw922s332,e4df9f670efe25911e6cb7d66690f34e,297
kbt422s1NC,b5160e6e04f5fe2f3bc66e54c0b5f2fd,775
kbh422s311,3b7c632871718faf5f767223cf4bb9bb,332
kbh422s312,3b7c632871718faf5f767223cf4bb9bb,45
kbh422s313,3b7c632871718faf5f767223cf4bb9bb,359
kbh422s331,3b7c632871718faf5f767223cf4bb9bb,38
kbh922s341,3c3ab8363489a43e55b562408794ef65,773
kbw922s332,2294beb16fb86f90f3ae44a8760935f4,770
kbw922s342,400476bca2cd2b71148e94042850bad6,762
kbg922s311,e5b95f8cb5b1319132e7651003691d44,750
kbg922s311,25d9da7972d8f0da9a12c25a85c2aba2,745
kbh422s313,2633e3518d356ef41fd94408456d4acd,744
kbg422s521,cc1cb17df25620a432bd3d785bc7745f,740
kbg922s312,ad937cfc645d0c9b770e9b70b5befe74,739
kbh922s312,2f3bd00889a1de4e16cf895438a048c9,113
kbw922s321,2f3bd00889a1de4e16cf895438a048c9,626
kbh422s141,b616fd60bd591426e572eed8fcc2c370,694
kbw922s332,7bf75a7270201f5237c20f4907856726,733
kbg922s311,3b10cfcee108d60c4dce9ecad39190e1,725
kbg922s331,b69ffd4a4e29726a38b550c2fe031084,722
kbj922s332,ae1f3c4c766a509f922d27de7c9dab75,721
kbg922s331,55c02c85e272e0bdce2b845d009fc20d,719
kbg922s312,255e7706469b395bf70b80a840b2b18c,717
kbt422s513,9d58d16063700a1f121a3a2c68fdd80f,712
kbg922s331,6c61310704ae257f1e460bfb3afa4029,711
kbg922s312,4fe206498feefe9ca1bb05fe48aaa48b,709
kbg922s311,15e45308818eaf8f660b6d1bbf0d72cb,705
kbg922s311,1fde4b569f7567f0927a254f538be212,704
kbj922s342,90fde14d7fef7a43d9b373265f85f693,703
kbj922s342,4cda28fb355c2accc87e89d5518d7f65,686
kbt922s311,757e6e3b98ead4070ede956517a62346,686
kbt922s331,fac93d52f4af991ed6bb007f6b1b2f9f,680
kbh422s521,1c7e0b6a0e2d137d78b23071101d3661,679
kbg922s312,58721cce656394f557ef86baa5878836,672
kbh922s322,7bb54db9c4c142c0bae442ea50b47745,667
kbg922s311,dabade111f4ab316fe9b4300c298a732,665
kbj922s311,e18d854eca72cc5295400836389de880,662
kbw422s312,df5197757fe1aa13f6298a34633331e9,657
kbg922s331,500f1569804005ebdae272576b0b7897,64
kbw922s332,13037efe154a7a697f313fb73e88fcbc,644
kbg922s312,84b64391ad4396db42c3ecd750ff9049,640
kbg922s311,374f925b3b212cb656203fe7246399bc,633
kbg922s331,d17f29296cfb5232af0111e47c26cc8c,632
kbt922s331,6236f2dcb05740e1c17776931255db9b,629
kbg922s331,14dc4b7319d23c49ea0252ad0e9bd4a7,620
kbj922s311,3e3d8446ce2dd84b91ec005e3d870db7,383
kbt922s311,3e3d8446ce2dd84b91ec005e3d870db7,228
kbw922s341,ea347741f932b6581202c8ad5d8f3658,434
kbh422s341,b4524482d3112ae2db9ccfe3627936d9,158
kbw422s312,b4524482d3112ae2db9ccfe3627936d9,441
kbj922s312,c3b3844ac25bd6f7b608958a69f79919,259
kbj922s332,c3b3844ac25bd6f7b608958a69f79919,335
kbg922s312,1c1f23ca1dd492ddd96d422755e6b7fb,405
kbw922s341,1c1f23ca1dd492ddd96d422755e6b7fb,182
kbg922s311,66ba7a9146ac26d3147f1609efa64e58,570
kbg922s331,7b3212545fdab12a3fe1f7c0e1d5c859,565
kbg422s521,061e4481561c5537e26e6cb7c43fdfed,221
kbg422s321,91ba506f0fd3d42b504e0e2b35f25715,555
kbt922s331,2e569d46b078ea04402dcc598af9a052,555
kbg922s311,11808f4d1ef73d15da6159c88809fc4d,549
kbg922s331,c825fc3739747afc0905a4eb231cd550,230
kbg922s312,d34bda5b66d1505860f7c599ca796be2,547
kbj922s342,01129416eb80b5d15ee31be0ab33efcb,546
kbh922s341,d9da81265cdb5ce75fe0577bc5d51035,247
kbj922s312,f523d84f4634078c4094e4a740a35c40,545
kbw922s312,9ce483eaaddb75ab6e4af5bf8b528c6d,544
kbg922s312,c3ba484a5dba80785797d28ab9a6293b,162
kbh922s312,c3ba484a5dba80785797d28ab9a6293b,331
kbt422s1NC,c3ba484a5dba80785797d28ab9a6293b,48
kbg922s341,ac60803b172c4fd393b509aad1e025c2,537
kbj922s332,aa4416578685124a9cec6a03e408c7bf,536
kbh922s342,72d57e31b8f28293207f3e2237f49296,533
kbt922s341,1c116972243b558d09efe192e1a0a336,528
kbg422s121,7095c3e385f46d8d35ad31b3ed1eeb21,382
kbg922s312,295c55613680494fb6baf917304cf4fe,516
kbh422s311,7c980438c6676b120d76f7e5e8e94fda,349
kbw422s313,7c980438c6676b120d76f7e5e8e94fda,166
kbt922s311,0009994d29b5d7d9a7f4eada01df7d13,509
kbg922s311,5f2a48208f8588f218dceda6bb8c9df5,506
kbg922s312,6fa83add77f2d34599aa31738d43e0d2,506
kbh422s531,af01a31196d6d517dcd4df39d599637b,497
kbh422s331,56722dbe327de432de23723cdc05e4d4,3
kbj922s332,0ff3b3d6375e7d159d00b29016959f8d,495
kbh922s342,749fc815ae96d9eefd4da7e945a535e1,489
kbg922s311,bef0ffe6dda8205cfc84f7db9881b49a,483
kbg922s311,0dba6ab47e01abb3f555611b28362891,482
kbt922s311,6282b9021f3e3406eb701564a196278d,482
kbg922s312,9f65b54948aa4cdbc3a12a4a85e07c5a,478
kbg922s311,c0a2e9499f4b58eb40401ef3027810da,476
kbg922s312,393c0c2d1744878f18beffba7f8390ce,476
kbh922s322,9aa2c548d2c5e9aa82f0853352d20bca,469
kbg922s331,f3c80bec4c0f5582f4219d56215f6e51,320
kbh422s511,726eaca2de7694a15b1407eb6a635fa3,463
kbw422s121,950011dd71c0b1ec0a0755e7d16d4b68,462
kbg422s121,e92ade0d2ce51bbb578d51f21ded84fc,461
kbg922s311,2eb5c47148a248f7d70eb8e4b8f37f9c,460
kbh422s313,2549faf658e04be9176ea1ad0bcf5c45,458
kbj922s312,d8f1ae4e27f0d1abb83b9fe2fdc51c98,457
kbh922s341,2b1dcd3a028d98c49372c30c68c6aaeb,454
kbw922s341,3c36e9c22d5f55ac726fdeccfaab6a41,213
kbh922s322,998e3c2f2a31c925d3d56ed0f5b45eda,451
kbh922s322,38215451d3a3e996f23c81f111ee4b27,446
kbw922s321,845494a3888790f61ed03c170eda6069,440
kbg922s312,2f474ccb5aca59bac1f34f72fad283c0,435
kbh422s321,90489e8e5672d8a2cb9ae54f2e52a41d,435
kbw922s332,c05d911520a044c2adb4725af146774d,434
kbg922s331,6d9adae0b5f23054197d48925452a1ac,432
kbw922s312,975020f838f26797b84c226042809b1c,431
kbw922s341,9f24904e5f8c68639175f8d3b14a7a0a,9
kbw922s312,3c01d2c57610be9f7a049085e0a0551c,426
kbw922s312,fa63042d746333cb9616932b96ef99e3,424
kbg922s312,ab2e12453f9292cef0c2be20b7867d20,420
kbj922s342,9fe9c8d625fa68bca6a8fd90bd0e2bfe,417
kbw422s312,6605d93deffa9723f792dc0363ff455b,417
kbw922s332,6131bde2296bb55fee78de40b6150a76,414
kbh422s331,e0ce76b44c63bef92a9370ebd25e5d7d,413
kbh922s322,d46072eaa8b860516d3249d2cbae4627,412
kbw422s313,5dcf7c7b6bd37f49b01cbcaffeb434d6,412
kbh422s531,76f5b0dbb12171f52850bfe9f06b1631,61
kbw422s312,76f5b0dbb12171f52850bfe9f06b1631,124
kbw422s313,76f5b0dbb12171f52850bfe9f06b1631,89
kbw422s331,76f5b0dbb12171f52850bfe9f06b1631,105
kbw422s341,76f5b0dbb12171f52850bfe9f06b1631,29
kbw422s313,9dfb55fb6e9709bcb1df833fa30e741f,393
kbg922s312,84971580f2682aaf027f6eb89da9e0da,391
kbw422s312,755b8d46e94dfc63664fe1e13507bfd3,391
kbj922s342,cd60d55d51c7e832e46f4d76d2da5280,389
kbg422s531,6328b4f1c5b5de993bec3e7fcf6aed98,388
kbg922s331,68e3c4624d1a1b884e22e37cb3647131,316
kbj422s512,68e3c4624d1a1b884e22e37cb3647131,62
kbg922s312,c0aed9594b370fe8e1eb68be72a575dc,377
kbj922s312,0a5103492c3fde33368a486e8e15767e,372
kbj922s332,aee30acbade8039c683c5b3e33ffb1ff,372
kbj922s311,b71ff3625a60720221ea193939fd9335,254
kbt922s311,b71ff3625a60720221ea193939fd9335,115
kbw422s331,e54be6a95c26f56bf7f5ea8c14d76895,140
kbt922s331,1265ea0a1a5a8a3b4520f232f16cbd1c,364
kbg422s512,084ccaf929d2ef44047675389c131e31,168
kbh422s521,acca0c38b7eb0cba5377b7730fb9791a,356
kbj922s332,4227592b13c52242063056d31a9ff2d4,356
kbt422s1NC,5770a0b3b406357171d502cb5f7a6fb8,356
kbg922s312,a18275f71b859af415a4fbaf079ccb5f,355
kbh422s312,59d1bd45d8c213ccd56cccf76798e9a3,355
kbh922s322,4ed2dc07d7474d1d39f30dc50f41a844,352
kbg922s312,8a42ebc147b64524d5c799b3a56ad44c,350
kbg922s312,6cb83998141952d599c70ac531eab8cf,345
kbj922s311,982851d305a3f1112104a604f142eb19,231
kbt922s311,982851d305a3f1112104a604f142eb19,113
kbj922s342,461c332fd97a1eddbef1fe66b8546790,341
kbg922s312,f7a750ed85f4ffc3d82ae45f22b31248,334
kbw422s313,5286734825e8f6fd11ba94211162482d,334
kbh922s342,ad7c2c5b5fc7b11ba82bbba0a2ebaf23,330
kbj922s311,bb24c6d6e90f3dddf048a554474c06a3,227
kbt922s311,bb24c6d6e90f3dddf048a554474c06a3,102
kbg922s311,1162fd6be354221607183b1680679b47,328
kbg922s312,ac53cbce3935d4b04247c1cb0e436639,323
kbh922s322,3e471511465c9147ec24b26649ee611e,320
kbt922s331,9fc38763c0053f446e869f07e9226f79,316
kbg422s531,59aac2ec05c2477795b2acba02965a15,312
kbg922s331,17f5bbeee91e59a7144744773026a6ef,312
kbh922s322,157f6ea0d8c3afe0ec1e0c2943c44b28,311
kbj922s342,d3971b6e944376a1fb0674bb0c48f519,311
kbg922s311,8db3e332c973feb894f62277cb82f097,308
kbh922s322,5568d8e1e66b873cfffbfd94eacde252,302
kbj422s131,4db5cfb676d2ea6df3552c3c74d3ed01,300
kbt922s312,89e34edae7f894f16e87dfe3bbdc6e2f,300
kbg422s341,588f06e2309fd5be49602d0c63ebcbbd,295
kbh422s313,91dc47b012e769b0bcd024b671533006,287
kbw922s322,5b0af8727d5dff723ec8d9acb1e005ee,287
kbg922s311,93f937f58c7ac30ee14bc042f6b8c879,286
kbw422s111,0ce0596b1c571ba0d095cd614afea1ba,286
kbj922s312,98a1f100405117669d20e9ebe712a8d1,284
kbw422s312,718eaadb39c894ed68c6e34f056808b2,281
kbw922s341,da3bb0cf0e1b963ded47de06499c65ea,73
kbw922s312,d3e1feae417894248a19f5b91d58c8d1,276
kbg922s341,7d9aedcb772e53bb6966a8570e4dd266,269
kbj922s312,1b0ca1a73e3fc151e81aaf56e473445d,269
kbh922s312,914bfc2fba799fcac6aa5cf6a3fb2703,267
kbj422s111,f1b9f0b68f9c4c3c6ec608549525a08a,265
kbw922s332,949011f70a29614552018121fd88cc8e,262
kbw422s312,d0f15a6f3f61f673fbfaa029b2a64cd4,260
kbh922s312,3e79f9c90ee14b6941601953927ec175,249
kbg922s331,8288b0073505d64fe9843ca57e9e50af,248
kbw922s342,67f4e9403e934f2a5f1ca7ac547f8663,246
kbh422s341,c152f405df6f39b210302280f3fcacbe,239
kbw922s341,5e2e40af17df76757e8668988d9131be,239
kbg922s331,975712d36ea73e59e810e962f6dde07e,236
kbg922s321,f7af5798cdf8556245ef634896a22f47,235
kbw422s112,77a479d64bbb9665fbd8c50dfa723740,235
kbg922s311,fcf79284689987f31ccde43ca35ec64f,234
kbj922s332,0a3349737892f1d9bd1d417776dc67df,234
kbw922s332,85d80d4c37e4fc19d17112445ade659e,234
kbg922s312,fddf9d880218747c5f0ea02781e5adfc,233
kbg922s321,e62b94d49feca74f7d89a344279ca7f8,232
kbw422s312,22154135859ab521f9f59d5545912cca,230
kbw922s341,73e19e010ace8b29cb4e5d82ea3c9feb,230
kbw922s341,aeac26685b6e065d03aa8db91c63afa3,229
kbg922s312,f20cd030c5363dc38efb3cb2dba39b2b,223
kbh422s312,80c01ea9705362d3cb10429193b7226e,221
kbw922s332,926b88193cccc727b27dfa85876e33b5,218
kbw922s341,56161f822c8def2c942d908e92f4c8c3,217
kbw922s342,6d9fe969af17069fca7c3a8a379ba372,215
kbw922s312,d685f6b62e0808cc274d48983d528cb4,214
kbw922s342,628602e135198d03a3f8ca9fafb0e86f,214
kbh422s313,c4d8b4e5f8e1eb8c9b6db86fd52c83dd,211
kbj922s341,48e7539b21a093621397335ec0d502e6,208
kbh422s311,5b68bf8cde93657fdd6fe8a425f9d2ff,205
kbw922s341,41f2dac9d4d046208ebc4d7ee8b6d447,203
kbh422s312,1206285cb850b4a69a0d1816520bb09d,202
kbh422s321,2136535304d1abfddc8ac5033f115917,202
kbh422s521,003d2b3ba434c86c2e91f748639ed0e5,202
kbg922s341,66823dbbefea628983958c0fd5dcc0b4,198
kbw922s342,9fca36b206d97dfe5d343edcb15b15dc,196
kbt422s513,adc3aeccaba554b8b20f9323d98dcba9,195
kbw922s341,64955fb335c76acf86a6f5bd0f914d6f,193
kbg922s311,de2741739c6030e8347291182ca66fec,190
kbj922s341,f8dbcf47136e0a7db4fa467802cd9443,190
kbh422s312,1239b81d94022950ea61c2c6cded8b1a,189
kbh922s331,e79878c7a48ff8a7668727531a40f9dd,189
kbt422s513,203667fc166b13ce859ac5da7a464df7,183
kbg922s322,8156db0bcfd4707e72e82bbec84ddf1f,182
kbw922s341,939a906cfb5664c12fcaa2ee4d98fa02,177
kbw422s313,a8d07c5c50a33c358aa7c0b2eb5b451b,176
kbg922s312,df0c98a4fef3a92d6eb1860e83e9a39b,175
kbh922s312,725799301741fba930c5ab21e62148d8,175
kbj922s341,8221cd652f55e930b6a34a172d563bd0,172
kbg922s311,69719c9f4643fb3958adaad11c6dc8f2,170
kbw422s313,912f5486039fea8751cbf30418de2803,170
kbh422s141,e56fb11b05c4148258743fbdba3354a2,165
kbg422s521,bf74497b2cd85d2845ab25a8b31f8670,163
kbw922s312,e0156666519795d69bc8f58b17a69ffe,162
kbt422s141,3da496dc8e15a2fd5df9c278b7b25c4a,159
kbg922s321,451e25d3dd6425a12fecd841163a5b3c,158
kbj922s341,c2f54396aaa176c3157c218ffb66b360,158
kbw922s332,e8edd9dfe6c62574ff899f74de641da3,158
kbh422s311,68fb70e79f96450e6080688703a458bf,34
kbh422s312,68fb70e79f96450e6080688703a458bf,41
kbh422s313,68fb70e79f96450e6080688703a458bf,31
kbh422s331,68fb70e79f96450e6080688703a458bf,50
kbj922s332,699a966448e5d381c151661a59e5a34c,155
kbg922s331,ce25d278b03977d1f28c54fbf8b9b0f6,153
kbt922s331,6c33fc86015b857ba9fec6c389cd39c4,152
kbw922s312,23382c4e10829229cc25560f6d8ea2fa,152
kbh422s331,7c2640105057fd0082964bbe4a997c8a,151
kbt922s331,fd10e94a99250afb84156b1b1a341e2b,151
kbt922s311,9b3e0529d875d7e5b2261a82e1487a19,149
kbj922s341,2a402efb41b636d2a7bea090c8a3375d,147
kbw422s131,d0070a28edb4203285ee7ba20ce4542d,147
kbg422s531,7e6c6dfd6cda5fbea0defdb4c3062781,146
kbj922s341,de3d0f042470140c797fa0f48be4b0af,143
kbt422s141,d2697e5cbc1eae5a5eb26968e00a4b73,143
kbt922s312,2e672a27c54ce1e0800ffbfc1375d6a2,143
kbt922s341,074c17c5d16ac1facc8304bac0a0c55b,141
kbh422s511,0ac10860a0ad5a605f956c13d0d355b6,140
kbj922s341,4b21d9e906341a937e44b638cc6ca499,139
kbh422s511,52da0c8a6f0fb9bf9a21a55c1df64fd7,136
kbj922s312,a4565ddb61eafe9167fd76cfeb70c54b,136
kbt922s331,45196a2a69ae57bf61115c4b8ac56e50,136
kbw422s331,09db6d5778ab147ee6618db20095e6a9,135
kbj922s341,9dcc07deb8e060862b4048767105e89b,112
kbt922s342,9dcc07deb8e060862b4048767105e89b,21
kbj922s311,28a35e400eccbc16f1feb9434f85f4b7,132
kbw922s341,fee38f9815f5801f08cbbccc0b30a437,132
kbg922s312,110066e397e85e8ce5ce94d3ee5694d1,131
kbt922s332,4c8c5b0d25561897cfd4c9a621cb8a07,131
kbj422s141,603f422b7af8e84aee3d0b6109a91760,128
kbj422s512,1c49e9ff152cdb5fc11947e877902274,128
kbt922s311,70b435b4d9a9116be34ef0cc57a83a62,127
kbj422s141,58f8c8e619e17828dd13d7464eaab9c4,126
kbh422s312,634e58df79e0a02b1e86bd9765357fff,68
kbh422s331,634e58df79e0a02b1e86bd9765357fff,57
kbh922s312,250d6f1dea9438072ccec083923c83c5,125
kbh422s311,a9c5edd778de7403bfe00f07e9315862,124
kbw922s341,32342f847ace885a78b320723d940253,124
kbw422s541,81f645cdd5ca12121238ebccd85aaf7b,121
kbg922s331,c10a436ed0d0ee90aa1e385f67cc7ec8,120
kbj422s111,9ac616ef6a2d9b9dbf2b8f3c758c4821,120
kbt422s513,844bc301d260fe2fa0d969477f9bd8fb,120
kbj922s342,89e4ee9c6601ad4b48db8ded41279289,119
kbw922s341,0db06bdff0b7d596aab86a8f53e20446,119
kbj922s332,b0ce69ba996185831e2da2e2dda8d026,118
kbw922s341,89cfe9c03c22d3067a1c3fa3f2345537,117
kbw422s131,4314126ca18a82ec8d7f4acdbec893bb,116
kbw422s131,41bc22633827dd3e3ba839bcc32c4b4f,115
kbg922s311,5c8c15278e7a19412105f1f4d36ea19b,57
kbw922s312,5c8c15278e7a19412105f1f4d36ea19b,20
kbg422s531,a1db213df9aba1e321417fd33ebe6f58,93
kbj422s521,a1db213df9aba1e321417fd33ebe6f58,18
kbw922s332,2c4c08ac37c1ebae5f6737e76261d904,111
kbg422s531,86395f43a02db3a0be1109f342b8c9e1,109
kbj922s341,5355911e3885de7b57802deb361cacbc,107
kbh922s341,6aaad3168cc650f889fe95e222d7e36b,106
kbw922s332,01556575176e17fa8fe72fb326902f97,106
kbw922s341,07108aec476276610dab23d2983ef1d8,106
kbw922s341,c3176ad1b3da9dbb5e716dcec18cc3f0,105
kbg922s312,e4fa62892aafa4a48199aa99028eacb2,104
kbj922s332,a5aa7d3be4c1205d7ca0ea4c00f68830,104
kbw422s131,9849c4249a4c59052dd407e7d7a629aa,104
kbw422s131,f59ae21a15891b4299ab82f902e00375,104
kbw922s341,c880fd285e0194c3160ebd5498683124,104
kbj422s131,d2ea1a2a7fc8ddd23e24b1abac6b7baf,100
kbw422s313,b440b89efb36a016bb1c43cfaf72ae63,99
kbj422s111,5e1174eec30dc5bf0901c1b32b9ed763,98
kbt422s141,dfea8a3518398cbf910e0049eedc15e5,98
kbw922s312,2f65981b0567097df278c5f1528fa45e,98
kbj922s341,b47abef518c3fa0f747bca0a8606e61d,96
kbw422s312,6a36897d780609a628b1e9f4a6d485d5,96
kbw922s332,e56a24b8d75cc47ccb4aef1013b089d6,96
kbw922s341,8ecc60b6dc7ab3a22774e35964b16f5c,93
kbg922s312,4a91d03050c78f2b87079dea0b10e112,92
kbw922s332,0cbcd7705e3ced90c822f2efadd12603,92
kbw922s332,38e0d1cffc37f267b210bee0a4614a71,52
kbg922s341,524a745e4fcafa94f2d71760f3d82cc7,90
kbw422s131,1f270f22d928533a273840debb3cc2b8,90
kbh422s311,a9a1e647840c30dc15db15f2e47f05a9,44
kbh422s312,a9a1e647840c30dc15db15f2e47f05a9,43
kbw922s341,26dfa24db4e97be7162f8d9e6fcdad05,85
kbt422s321,6ad5ca78d9eccd06e7b451d2a0618a60,82
kbw422s331,cec090577bbff82d828b9ca8b4bb21dc,81
kbj922s312,1c570a526c8c9eadc6aec4e832ed8bcb,77
kbw922s341,ed62a3ac4bbf9903e9bf9ffdeb4ba185,76
kbj922s312,aa900f09b919b9b4b3bd08e46a6a958c,75
kbw922s341,991d117f77fbb5f65df094ac8b8a9c9f,74
kbw922s341,edc64220d9bfb44052ee59f5434f5337,73
kbg922s321,f115adb417e0e1e5bffaf5027890d715,71
kbw922s312,e79c4a942e2e06332b9862c88f46b4d7,71
kbw922s321,4827861f5d3cea9045ab92d1d610d033,71
kbj922s341,33089b1f53a6a022d35d40bfad9a2ebd,69
kbt922s332,406295c0c19b9aed68ce751064973865,69
kbw422s131,d5de35c6cb4dc8b051dd759c15dede97,69
kbg922s312,399706fcad3eff499ed05efbeacf6275,68
kbw422s131,631cc8f02323935c0c14b15b0a66ccd9,68
kbw422s131,e63583e6427382d723dbc8ee26f05e60,68
kbw422s131,01d1bada021c2b924016fe92cfc991ed,68
kbj922s311,6e924f9b687b1ca0598a19707c04a70a,67
kbw422s131,bd9458095363130b8bcb83ce926b02e1,67
kbh422s312,9d9737900f3877009a960fbb1c98d2b3,66
kbw922s341,09eb4a00e3978bdf9b066ce9a060b3a5,66
kbw922s341,83e2b00219da34df20d3ef9f933ebeca,64
kbg922s331,2055bb05bd3fffeb02484702877c8e48,61
kbw922s312,07fa2e0413222b3872a1898d55306f73,60
kbw922s332,e1c39ea533da90614d185695abd32a67,60
kbw922s341,27d7ff41836f549e16e8fc7db1fba098,60
kbh922s341,1cfb7389d097793d6341a493c2df1f2d,59
kbh422s313,4d081d75159be32a469cf009ff5cf932,58
kbj922s332,c47c107e5d6445a4c0fdb4af5ed099cd,58
kbw922s341,c8d020a02fec99a72fa369c4d18cefdf,58
kbj922s312,3dbf529db09de3efc890a0d8d2f2a5ab,57
kbg922s311,2b46aa4cc294586e16e4a892a18d0d65,56
kbj922s342,879c1e24ff1d6ab5b2aa61474b1af842,54
kbg922s312,46c6370302c0b4567ae5570cbd72ece3,53
kbg922s331,1ba2021eda63e34ea765c68cc05f478e,51
kbg922s312,f54a3fd018bd4374ea01a7cac668fc02,50
kbg922s312,f6febfcb66291844158340854b15486a,50
kbt922s331,b1e5643d9f76ffe4d3a2e0e30955366b,50
kbt922s332,9ea1912e4de93261e494915acec9f09a,49
kbw922s341,97e741977b89dfab7fd5e5263b2e14b9,48
kbj922s341,56d965cf792e0f1b758ea9561ff4cc82,46
kbw922s321,bd433d168db15c8865ef41ecea77a313,46
kbw922s342,214cc374fbe5a9d236057d2e80859791,46
kbg922s312,b357bf0490a00c7ba60601c47d66a4b1,45
kbj922s332,1422b05384022fe0d7d5ee46224fe6b2,44
kbt922s311,27f4b36ebb8191d852a7702df20b612d,41
kbh422s331,1e1ffca808b5de8dd7abf1aaec2ed586,39
kbj922s342,8448255fe42ce1f2605ff789f80bb359,37
kbw922s312,e7eae60f2e00f3a368f4f3ebacfb1a65,33
kbg922s312,ddc2ac0f9f062ce60619bbe270bca1ae,31
kbw922s312,a1712a355044fddd373d54a49bd140ef,31
kbw922s342,3afbf3b10e772bee002d1bad96ed8c17,31
kbh422s531,9830a06e1dac8e6683bae21ed3503deb,30
kbt422s341,58a3574eb2602c8be8704007a9beeef8,29
kbt922s342,ccd2ddfae87e0cab9ba6abeaa1b75a14,29
kbg922s331,ce035da30f8e1a1592a18c9062c56020,28
kbw422s131,5a9509e050acd76b385de1749d8817db,28
kbw922s312,c9a560234d0207993a7c4314252ab394,28
kbh422s312,deab10911a5998ed54ff25be9f0a5d31,27
kbj922s341,12f4844d423a248bf71f307d38fbb916,27
kbj422s141,9fdbaa7d95c44a722efcf5dd806a92c8,26
kbh422s521,098027bd0cd55aa3e19853929b8e3f00,25
kbh922s342,14db124721fd421324bc2d3ed31b6566,24
kbj922s311,062aaf9019bbcd4ef4052661905d9aa6,24
kbj922s341,9e1bc1b4d0bd4565accb59ab4b49b3e6,24
kbw922s341,42cfb6ec7633c7f6769a9a3bc94b6499,24
kbj922s311,b0b4c32f225b4282e23a5520402af45b,23
kbh922s311,3ad628869d6fd9908f962e9556e21229,22
kbt922s311,c3af7a15d923a77d57c9fbbd4452cd01,22
kbj922s342,385ee39b05b952ff93101bd7ac005a7c,18
kbh422s521,75edc7773710217569ceaec1b5db9dbc,17
kbw922s322,45b554b5a086aa4e959a59b203cbff68,15
kbg922s311,cf51a56c1ffb5834a52dc2805da2eaad,14
kbj922s312,3fb5438180f6ab2b721ed876a40c48e3,13
